Référence,Intitulé synthétique,Type d'AO,Type,Fonction publique,Acheteur_auto,Acheteur_manual,Acheteur_clean,Localisation_auto,Localisation_manual,Localisation,Localisation_clean,Date_limite_auto,Date_limite_manual,Date limite de remise des offres,Durée initiale du marché,Reconduction(s),Estimation_auto,Estimation_manual,Estimation du marché,URL source HTTPS,Plateforme,match_status,match_source,review_needed,extraction_notes,Colonne 1,Colonne 2,Column 29,source_type
13/joue/002671162026,Mise à disposition et gestion du workplace IT,-,-,-,-,,-,officiels de l’organisme acheteur public,,officiels de l’organisme acheteur public,officiels de l’organisme acheteur public,-,,-,-,-,171.0,,171.0,https://ted.europa.eu/fr/notice/-/detail/267116-2026,BOAMP,new,13joue002671162026-2026-mise-disposition-gestion.html,oui,title: titre_pattern -> accepted score=80 value='Mise à disposition et gestion du workplace IT',-,-,-,BOAMP_XML
13/joue/002708922026,"fourniture d'une prestation de service relative à la gestion des activités de data management et la gestion des activités de biostatistiques à visée d'enregistrements auprès des autorités réglementaires au format ADAM des études cliniques pour UNICANCER RetD, les CLCC et les Etablissement affiliés",-,-,-,-,,-,officiels de l’organisme acheteur public,,officiels de l’organisme acheteur public,officiels de l’organisme acheteur public,2026-05-18 00:00:00,,2026-05-18 00:00:00,-,-,171.0,,171.0,https://ted.europa.eu/fr/notice/-/detail/270892-2026,BOAMP,new,13joue002708922026-2026-fourniture-prestation-service.html,oui,"title: titre_pattern -> accepted score=85 value=""fourniture d'une prestation de service relative à la gestion des activités de data management et la gestion des activités de biostatistiques à visée d'enregistrements auprès des autorités réglementaires au format ADAM des études cliniques pour UNICANCER RetD, les CLCC et les Etablissement affiliés""",-,-,-,BOAMP_XML
13/joue/002845752026,"MARCHE DE PRESTATIONS DE MAINTENANCE D'ASSISTANCE ET D'INFOGERANCE DU PARC INFORMATIQUE, RESEAU ET TELECOM DE L'EPPGHV",-,-,-,-,,-,officiels de l’organisme acheteur public,,officiels de l’organisme acheteur public,officiels de l’organisme acheteur public,2026-06-01 00:00:00,,2026-06-01 00:00:00,-,-,171.0,,171.0,https://ted.europa.eu/fr/notice/-/detail/284575-2026,BOAMP,new,13joue002845752026-2026-marche-prestations-maintenance.html,oui,"title: titre_pattern -> accepted score=80 value=""MARCHE DE PRESTATIONS DE MAINTENANCE D'ASSISTANCE ET D'INFOGERANCE DU PARC INFORMATIQUE, RESEAU ET TELECOM DE L'EPPGHV""",-,-,-,BOAMP_XML
13/joue/002850982026,Accord-cadre à bons de commande pour le maintien en condition opérationnelle et l'accompagnement à l'évolution des infrastructures et services numériques de la Ville de Paris et du CASVP,-,-,-,-,,-,officiels de l’organisme acheteur public,,officiels de l’organisme acheteur public,officiels de l’organisme acheteur public,2026-06-09 00:00:00,,2026-06-09 00:00:00,-,-,171.0,,171.0,https://ted.europa.eu/fr/notice/-/detail/285098-2026,BOAMP,new,13joue002850982026-2026-accord-cadre-bons.html,oui,"title: titre_pattern -> accepted score=85 value=""Accord-cadre à bons de commande pour le maintien en condition opérationnelle et l'accompagnement à l'évolution des infrastructures et services numériques de la Ville de Paris et du CASVP""",-,-,-,BOAMP_XML
13/joue/002925532026,"Marché public relatif à la mise à disposition d’un système ERP intégré portant sur la gestion financière, les ressources humaines et les composants annexes",-,-,-,-,,-,officiels de l’organisme acheteur public,,officiels de l’organisme acheteur public,officiels de l’organisme acheteur public,2026-06-08 00:00:00,,2026-06-08 00:00:00,-,-,171.0,,171.0,https://ted.europa.eu/fr/notice/-/detail/292553-2026,BOAMP,new,13joue002925532026-2026-marche-public-relatif.html,oui,"title: titre_pattern -> accepted score=85 value='Marché public relatif à la mise à disposition d’un système ERP intégré portant sur la gestion financière, les ressources humaines et les composants annexes'",-,-,-,BOAMP_XML
13/joue/002929142026,Accompagnement à la convergence des systèmes d’information de scolarité du Conservatoire national des arts et métiers – Cnam - Paris,-,-,-,-,,-,officiels de l’organisme acheteur public,,officiels de l’organisme acheteur public,officiels de l’organisme acheteur public,-,,-,-,-,171.0,,171.0,https://ted.europa.eu/fr/notice/-/detail/292914-2026,BOAMP,new,13joue002929142026-2026-accompagnement-convergence-systemes.html,oui,title: titre_pattern -> accepted score=85 value='Accompagnement à la convergence des systèmes d’information de scolarité du Conservatoire national des arts et métiers – Cnam - Paris',-,-,-,BOAMP_XML
13/joue/002939872026,"Marché pour la maintenance applicative, corrective et évolutive du site internet Culturethèque (et toutes ses fonctionnalités) et pour l'hébergement",-,-,-,-,,-,officiels de l’organisme acheteur public,,officiels de l’organisme acheteur public,officiels de l’organisme acheteur public,2026-06-08 00:00:00,,2026-06-08 00:00:00,-,-,171.0,,171.0,https://ted.europa.eu/fr/notice/-/detail/293987-2026,BOAMP,new,13joue002939872026-2026-marche-pour-maintenance.html,oui,"title: titre_pattern -> accepted score=85 value=""Marché pour la maintenance applicative, corrective et évolutive du site internet Culturethèque (et toutes ses fonctionnalités) et pour l'hébergement""",-,-,-,BOAMP_XML
13/joue/002946202026,La continuité,-,-,-,-,,-,officiels de l’organisme acheteur public,,officiels de l’organisme acheteur public,officiels de l’organisme acheteur public,2026-06-15 00:00:00,,2026-06-15 00:00:00,-,-,171.0,,171.0,https://ted.europa.eu/fr/notice/-/detail/294620-2026,BOAMP,new,13joue002946202026-2026-continuite-exploitation-hebergement?q=h%C3%A9bergement web.html,oui,title: titre_pattern -> accepted score=50 value='La continuité',-,-,-,BOAMP_XML
13/joue/002946822026,Renouvellement et maintenance des serveurs de sauvegarde et prestations associées,-,-,-,-,,-,officiels de l’organisme acheteur public,,officiels de l’organisme acheteur public,officiels de l’organisme acheteur public,2026-06-04 00:00:00,,2026-06-04 00:00:00,-,-,171.0,,171.0,https://ted.europa.eu/fr/notice/-/detail/294682-2026,BOAMP,new,13joue002946822026-2026-renouvellement-maintenance-serveurs.html,oui,title: titre_pattern -> accepted score=85 value='Renouvellement et maintenance des serveurs de sauvegarde et prestations associées',-,-,-,BOAMP_XML
13/joue/003036002026,Accord-cadre Infrastructure hyperconvergée et VDI (Virtual Desktop Infrastructure),-,-,-,-,,-,officiels de l’organisme acheteur public,,officiels de l’organisme acheteur public,officiels de l’organisme acheteur public,-,,-,-,-,171.0,,171.0,https://ted.europa.eu/fr/notice/-/detail/303600-2026,BOAMP,new,13joue003036002026-2026-accord-cadre-infrastructure.html,oui,title: titre_pattern -> accepted score=85 value='Accord-cadre Infrastructure hyperconvergée et VDI (Virtual Desktop Infrastructure)',-,-,-,BOAMP_XML
13/joue/003085442026,"Fourniture de solutions d'infrastructure informatique (matériels, logiciels et prestations associées)",-,-,-,-,,-,officiels de l’organisme acheteur public,,officiels de l’organisme acheteur public,officiels de l’organisme acheteur public,2026-06-29 00:00:00,,2026-06-29 00:00:00,-,-,171.0,,171.0,https://ted.europa.eu/fr/notice/-/detail/308544-2026,BOAMP,new,13joue003085442026-2026-fourniture-solutions-infrastructure.html,oui,"title: titre_pattern -> accepted score=85 value=""Fourniture de solutions d'infrastructure informatique (matériels, logiciels et prestations associées)""",-,-,-,BOAMP_XML
13/joue/003107212026,"Maintien en Condition Opérationnelle de l’Infrastructure Système, Stockage, Serveurs et Sauvegarde / Renouvellement, installation et maintenance de composants essentiels - GHT de la Nièvre",-,-,-,-,,-,officiels de l’organisme acheteur public,,officiels de l’organisme acheteur public,officiels de l’organisme acheteur public,2026-06-05 00:00:00,,2026-06-05 00:00:00,-,-,171.0,,171.0,https://ted.europa.eu/fr/notice/-/detail/310721-2026,BOAMP,new,13joue003107212026-2026-maintien-condition-operationnelle.html,oui,"title: titre_pattern -> accepted score=85 value='Maintien en Condition Opérationnelle de l’Infrastructure Système, Stockage, Serveurs et Sauvegarde / Renouvellement, installation et maintenance de composants essentiels - GHT de la Nièvre'",-,-,-,BOAMP_XML
13/joue/003228322026,"La continuité, l’exploitation, l’hébergement, la maintenance et le développement de la plateforme de notification eTOD",-,-,-,-,,-,officiels de l’organisme acheteur public,,officiels de l’organisme acheteur public,officiels de l’organisme acheteur public,2026-06-15 00:00:00,,2026-06-15 00:00:00,-,-,171.0,,171.0,https://ted.europa.eu/fr/notice/-/detail/322832-2026,BOAMP,new,13joue003228322026-2026-continuite-exploitation-hebergement?q=72200000.html,oui,"title: titre_pattern -> accepted score=85 value='La continuité, l’exploitation, l’hébergement, la maintenance et le développement de la plateforme de notification eTOD'",-,-,-,BOAMP_XML
13/joue/003237302026,Prestations de Tierce Maintenance Applicative des Logiciels Systèmes Energétiques du LITEN,-,-,-,-,,-,officiels de l’organisme acheteur public,,officiels de l’organisme acheteur public,officiels de l’organisme acheteur public,2026-06-10 00:00:00,,2026-06-10 00:00:00,-,-,171.0,,171.0,https://ted.europa.eu/fr/notice/-/detail/323730-2026,BOAMP,new,13joue003237302026-2026-prestations-tierce-maintenance?q=72200000.html,oui,title: titre_pattern -> accepted score=85 value='Prestations de Tierce Maintenance Applicative des Logiciels Systèmes Energétiques du LITEN',-,-,-,BOAMP_XML
13/joue/003241312026,PRESTATIONS DE SUPPORT ET MAINTENANCE LOGICIEL,-,-,-,-,,-,officiels de l’organisme acheteur public,,officiels de l’organisme acheteur public,officiels de l’organisme acheteur public,-,,-,-,-,171.0,,171.0,https://ted.europa.eu/fr/notice/-/detail/324131-2026,BOAMP,new,13joue003241312026-2026-prestations-support-maintenance?q=72200000.html,oui,title: titre_pattern -> accepted score=75 value='PRESTATIONS DE SUPPORT ET MAINTENANCE LOGICIEL',-,-,-,BOAMP_XML
13/joue/003272002026,Accompagnement à l extension de l ITSM de la DSI,-,-,-,-,,-,officiels de l’organisme acheteur public,,officiels de l’organisme acheteur public,officiels de l’organisme acheteur public,2026-06-16 00:00:00,,2026-06-16 00:00:00,-,-,171.0,,171.0,https://ted.europa.eu/fr/notice/-/detail/327200-2026,BOAMP,new,13joue003272002026-2026-accompagnement-extension-itsm?q=72200000.html,oui,title: titre_pattern -> accepted score=80 value='Accompagnement à l extension de l ITSM de la DSI',-,-,-,BOAMP_XML
13/joue/003278382026,HISI V2 - Hébergement et infogérance des sites internet,-,-,-,-,,-,officiels de l’organisme acheteur public,,officiels de l’organisme acheteur public,officiels de l’organisme acheteur public,-,,-,-,-,171.0,,171.0,https://ted.europa.eu/fr/notice/-/detail/327838-2026,BOAMP,new,13joue003278382026-2026-hisi-hebergement-infogerance?q=72200000.html,oui,title: titre_pattern -> accepted score=80 value='HISI V2 - Hébergement et infogérance des sites internet',-,-,-,BOAMP_XML
13/joue/003293162026,"Maintenance, hébergement et développements des sites et applicatifs web du Département de la Vendée",-,-,-,-,,-,officiels de l’organisme acheteur public,,officiels de l’organisme acheteur public,officiels de l’organisme acheteur public,2026-06-12 00:00:00,,2026-06-12 00:00:00,-,-,171.0,,171.0,https://ted.europa.eu/fr/notice/-/detail/329316-2026,BOAMP,new,13joue003293162026-2026-maintenance-hebergement-developpements?q=72200000.html,oui,"title: titre_pattern -> accepted score=85 value='Maintenance, hébergement et développements des sites et applicatifs web du Département de la Vendée'",-,-,-,BOAMP_XML
13/joue/003304802026,Groupement de commandes pour la fourniture de services de sécurité informatique pour les réseaux d'accès normands au profit des Etablissements Publics Locaux d'Enseignement,-,-,-,-,,-,officiels de l’organisme acheteur public,,officiels de l’organisme acheteur public,officiels de l’organisme acheteur public,2026-06-23 00:00:00,,2026-06-23 00:00:00,-,-,171.0,,171.0,https://ted.europa.eu/fr/notice/-/detail/330480-2026,BOAMP,new,13joue003304802026-2026-groupement-commandes-pour?q=72200000.html,oui,"title: titre_pattern -> accepted score=85 value=""Groupement de commandes pour la fourniture de services de sécurité informatique pour les réseaux d'accès normands au profit des Etablissements Publics Locaux d'Enseignement""",-,-,-,BOAMP_XML
26-41049,-,-,-,-,1.1,,1.1,-,,-,-,-,,-,-,-,400000.0,,400000.0,-,BOAMP,new,26-41049.html,,title: label_titre -> rejected score=40 value='' reason=empty; buyer: label_nom_officiel -> rejected score=40 value='' reason=empty; buyer: label_acheteur -> accepted score=30 value='1.1',-,-,-,BOAMP_XML
2956468?orgAcronyme=g7h,-,-,-,-,MINARM / ESTM / EPA / SHOM - Service hydrographique et océanographique de la Marine,,MINARM / ESTM / EPA / SHOM - Service hydrographique et océanographique de la Marine,(29) Finistère,,(29) Finistère,(29) Finistère,2026-06-18 09:00:00,,2026-06-18 09:00:00,-,-,-,,-,https://www.marches-publics.gouv.fr/app.php/entreprise/consultation/2956468?orgAcronyme=g7h,PLACE,new,2956468?orgAcronyme=g7h.html,,title: header_generic -> rejected score=-75 value='Détail de la consultation' reason=generic_exact_title; buyer: entity_line -> accepted score=70 value='MINARM / ESTM / EPA / SHOM - Service hydrographique et océanographique de la Marine'; buyer: entity_line -> accepted score=60 value='Publicité / Téléchargement'; buyer: entity_line -> accepted score=60 value='Publicité / Téléchargement',-,-,-,PLACE_NUMERIC
2986378?orgAcronyme=f2h,Fourniture d'une solution de gestion pédagogique des doctorants,-,-,-,EOESRI / COMUE - UdL - COMUE &quot;Université de Lyon&quot,,EOESRI / COMUE - UdL - COMUE &quot;Université de Lyon&quot,(69) Rhône,,(69) Rhône,(69) Rhône,2026-06-12 12:00:00,,2026-06-12 12:00:00,-,-,-,,-,https://www.marches-publics.gouv.fr/app.php/entreprise/consultation/2986378?orgAcronyme=f2h,PLACE,new,2986378?orgAcronyme=f2h.html,,"title: header_generic -> rejected score=-75 value='Détail de la consultation' reason=generic_exact_title; title: business_title_line -> accepted score=60 value=""Fourniture d'une solution de gestion pédagogique des doctorants""; buyer: entity_line -> accepted score=70 value='EOESRI / COMUE - UdL - COMUE &quot;Université de Lyon&quot'; buyer: entity_line -> accepted score=60 value='Publicité / Téléchargement'; buyer: entity_line -> accepted score=60 value='Publicité / Téléchargement'",-,-,-,PLACE_NUMERIC
2987833?orgAcronyme=f2h,Réalisation d’opérations comptables et assistance fonctionnelle sur le système d’information financier et comptable SIFAC/SIFAC+ (S4/HANA SAP) de CentraleSupelec,-,-,-,EOESRI / SUPELEC - Centrale SUPELEC,,EOESRI / SUPELEC - Centrale SUPELEC,(91) Essonne,,(91) Essonne,(91) Essonne,2026-06-12 12:00:00,,2026-06-12 12:00:00,-,-,-,,-,https://www.marches-publics.gouv.fr/app.php/entreprise/consultation/2987833?orgAcronyme=f2h,PLACE,new,2987833?orgAcronyme=f2h.html,,title: header_generic -> rejected score=-75 value='Détail de la consultation' reason=generic_exact_title; title: business_title_line -> accepted score=60 value='Réalisation d’opérations comptables et assistance fonctionnelle sur le système d’information financier et comptable SIFAC/SIFAC+ (S4/HANA SAP) de CentraleSupelec'; title: business_title_line -> accepted score=60 value='Réalisation d’opérations comptables et assistance fonctionnelle sur le système d’information financier et comptable SIFAC/SIFAC+ (S4/HANA SAP) de CentraleSupelec'; buyer: entity_line -> accepted score=60 value='EOESRI / SUPELEC - Centrale SUPELEC'; buyer: entity_line -> accepted score=60 value='Publicité / Téléchargement'; buyer: entity_line -> accepted score=60 value='Publicité / Téléchargement',-,-,-,PLACE_NUMERIC
2990888?orgAcronyme=d3f,-,-,-,-,MJL / SG / DNUM - Direction du numérique,,MJL / SG / DNUM - Direction du numérique,-,,-,-,2026-06-17 14:00:00,,2026-06-17 14:00:00,-,-,-,,-,https://www.marches-publics.gouv.fr/app.php/entreprise/consultation/2990888?orgAcronyme=d3f,PLACE,new,2990888?orgAcronyme=d3f.html,,title: header_generic -> rejected score=-75 value='Détail de la consultation' reason=generic_exact_title; buyer: entity_line -> accepted score=70 value='MJL / SG / DNUM - Direction du numérique'; buyer: entity_line -> accepted score=60 value='Publicité / Téléchargement'; buyer: entity_line -> accepted score=60 value='Publicité / Téléchargement',-,-,-,PLACE_NUMERIC
2992873?orgAcronyme=d4t,Assistance à maîtrise d’ouvrage pour la conception et la passation de marchés publics de développement d’outils de gestion et de visualisation de données sur l’eau sur le bassin versant Marais poitevin,-,-,-,MTES-MCTRCT-MER / EP / EP MP - Etablissement Public du Marais Poitevin,,MTES-MCTRCT-MER / EP / EP MP - Etablissement Public du Marais Poitevin,"(85) Vendée, (17) Charente-Maritime, (79) Deux-Sèvres",,"(85) Vendée, (17) Charente-Maritime, (79) Deux-Sèvres","(85) Vendée, (17) Charente-Maritime, (79) Deux-Sèvres",2026-06-22 12:00:00,,2026-06-22 12:00:00,-,-,-,,-,https://www.marches-publics.gouv.fr/app.php/entreprise/consultation/2992873?orgAcronyme=d4t,PLACE,new,2992873?orgAcronyme=d4t.html,,title: header_generic -> rejected score=-75 value='Détail de la consultation' reason=generic_exact_title; title: business_title_line -> accepted score=60 value='Assistance à maîtrise d’ouvrage pour la conception et la passation de marchés publics de développement d’outils de gestion et de visualisation de données sur l’eau sur le bassin versant Marais poitevin'; buyer: entity_line -> accepted score=60 value='MTES-MCTRCT-MER / EP / EP MP - Etablissement Public du Marais Poitevin'; buyer: entity_line -> accepted score=60 value='Publicité / Téléchargement'; buyer: entity_line -> accepted score=60 value='Publicité / Téléchargement',-,-,-,PLACE_NUMERIC
B26-01107-LS,Prestations de tierce maintenance applicative (TMA) des Logiciels Systèmes Energétiques du CEA Liten,-,-,-,AO / CEA / CEA / GRENOBLE - CENTRE DE GRENOBLE,,AO / CEA / CEA / GRENOBLE - CENTRE DE GRENOBLE,(38) Isère,,(38) Isère,(38) Isère,2026-06-10 16:00:00,,2026-06-10 16:00:00,-,-,-,,-,https://www.marches-publics.gouv.fr/app.php/entreprise/consultation/2997383?orgAcronyme=s2d,PLACE,new,2997383?orgAcronyme=s2d.html,,title: header_generic -> rejected score=-75 value='Détail de la consultation' reason=generic_exact_title; title: line_after_reference -> rejected score=35 value='Intitulé' reason=too_short; title: business_title_line -> accepted score=60 value='Prestations de tierce maintenance applicative (TMA) des Logiciels Systèmes Energétiques du CEA Liten'; buyer: category_label -> rejected score=-90 value='Autres organismes' reason=generic_exact_buyer; buyer: category_label -> rejected score=-90 value='Autres organismes' reason=generic_exact_buyer; buyer: entity_line -> accepted score=70 value='AO / CEA / CEA / GRENOBLE - CENTRE DE GRENOBLE'; buyer: entity_line -> accepted score=60 value='Publicité / Téléchargement'; buyer: entity_line -> accepted score=60 value='Publicité / Téléchargement',-,-,-,PLACE_NUMERIC
2998043?orgAcronyme=f2h,-,-,-,-,EOESRI / CNRS / CNRS - DR14 - CNRS Délégation Occitanie Ouest,,EOESRI / CNRS / CNRS - DR14 - CNRS Délégation Occitanie Ouest,"(75) Paris, (92) Hauts-de-Seine, (31) Haute-Garonne",,"(75) Paris, (92) Hauts-de-Seine, (31) Haute-Garonne","(75) Paris, (92) Hauts-de-Seine, (31) Haute-Garonne",2026-06-15 12:00:00,,2026-06-15 12:00:00,-,-,-,,-,https://www.marches-publics.gouv.fr/app.php/entreprise/consultation/2998043?orgAcronyme=f2h,PLACE,new,2998043?orgAcronyme=f2h.html,,title: header_generic -> rejected score=-75 value='Détail de la consultation' reason=generic_exact_title; buyer: entity_line -> accepted score=70 value='EOESRI / CNRS / CNRS - DR14 - CNRS Délégation Occitanie Ouest'; buyer: entity_line -> accepted score=60 value='Publicité / Téléchargement'; buyer: entity_line -> accepted score=60 value='Publicité / Téléchargement',-,-,-,PLACE_NUMERIC
36parisien1157695-2026-infogerance-systeme-information,Infogérance du système d'information de la ville de Croissy-sur-Seine Enregistrer cet appel d’offre Localisation : Yvelines (78) - Croissy-sur-Seine Date de clotûre,-,-,-,Ville de Croissy-sur-Seine,,Ville de Croissy-sur-Seine,Plusieurs lieux,,Plusieurs lieux,Plusieurs lieux,-,,-,-,-,-,,-,https://www.francemarches.com/appel-offre/36parisien1157695-2026-infogerance-systeme-information,France Marchés,new,36parisien1157695-2026-infogerance-systeme-information.html,,"title: editorial_header -> accepted score=70 value=""Infogérance du système d'information de la ville de Croissy-sur-Seine Enregistrer cet appel d’offre Localisation : Yvelines (78) - Croissy-sur-Seine Date de clotûre""; title: legal_text_title -> rejected score=40 value='' reason=empty; title: description_short -> accepted score=50 value=""Infogérance du système d'information de la ville de Croissy-sur-Seine""; buyer: editorial_buyer_block -> rejected score=30 value='' reason=empty; buyer: legal_nom_complet -> accepted score=65 value='Ville de Croissy-sur-Seine'; buyer: legal_nom_officiel -> rejected score=35 value='' reason=empty",-,-,-,FRANCE_MARCHES
37ao26154015290520267275-2026-cadrage-conception-developpement,-,-,-,-,1.1 Acheteur,,1.1 Acheteur,"Votre code postal ne semble pas en France. Rien de grave, vous pouvez le modifier ou simplement valider",,"Votre code postal ne semble pas en France. Rien de grave, vous pouvez le modifier ou simplement valider","Votre code postal ne semble pas en France. Rien de grave, vous pouvez le modifier ou simplement valider",-,,-,-,-,16000000.0,,16000000.0,https://www.francemarches.com/appel-offre/37ao26154015290520267275-2026-cadrage-conception-developpement,BOAMP,new,37ao26154015290520267275-2026-cadrage-conception-developpement.html,,title: label_titre -> rejected score=40 value='' reason=empty; buyer: label_nom_officiel -> rejected score=40 value='' reason=empty; buyer: label_acheteur -> accepted score=40 value='1.1 Acheteur',-,-,-,BOAMP_XML
37ao26181552260520267275-2026-prestations-assistance-technique,-,-,-,-,1.1 Acheteur,,1.1 Acheteur,"Votre code postal ne semble pas en France. Rien de grave, vous pouvez le modifier ou simplement valider",,"Votre code postal ne semble pas en France. Rien de grave, vous pouvez le modifier ou simplement valider","Votre code postal ne semble pas en France. Rien de grave, vous pouvez le modifier ou simplement valider",-,,-,-,-,8700000.0,,8700000.0,https://www.francemarches.com/appel-offre/37ao26181552260520267275-2026-prestations-assistance-technique,BOAMP,new,37ao26181552260520267275-2026-prestations-assistance-technique.html,,title: label_titre -> rejected score=40 value='' reason=empty; buyer: label_nom_officiel -> rejected score=40 value='' reason=empty; buyer: label_acheteur -> accepted score=40 value='1.1 Acheteur'; buyer: org_info_complementaires -> accepted score=-35 value='Organisation qui fournit un accès hors ligne aux documents de marché',-,-,-,BOAMP_XML
DAF_2025_001001,Prestations d’assistance et d’expertise pour migration et déploiement des SI vers le cloud au profit du Centre Spécialisé Cloud du MINARM (référence interne DAF).,Procédure négociée,Services,Etat,"Ministère des Armées – DNUM / Centre Spécialisé Cloud du MINARM, France entière.",,Ministère des Armées – DNUM / Centre Spécialisé Cloud du MINARM,Val-de-Marne,,Val-de-Marne,France entière,26/05/2026,,26/05/2026,66 mois,Cf règlement de la consultation,18.02 M€ HT,,18.02 M€ HT,https://www.francemarches.com/appel-offre/37ao26181581260520263294-2026-prestations-assistance-expertise,SCRAPPING REDPOINT,matched,37ao26181581260520263294-2026-prestations-assistance-expertise.html,,,,,,-
3boamp2640079-2026-mise-disposition-adaptation,"Mise à disposition, adaptation et maintenance du système d’information financière destiné à la gestion budgétaire et comptable de la HAS, organisme en comptabilité budgétaire publique, ainsi qu’à la préparation et au suivi d’exécution de son budget",-,-,-,-,,-,officiels de l’organisme acheteur public,,officiels de l’organisme acheteur public,officiels de l’organisme acheteur public,2026-07-08 00:00:00,,2026-07-08 00:00:00,-,-,171.0,,171.0,https://ted.europa.eu/fr/notice/-/detail/273519-2026,BOAMP,new,3boamp2640079-2026-mise-disposition-adaptation.html,oui,"title: titre_pattern -> accepted score=85 value='Mise à disposition, adaptation et maintenance du système d’information financière destiné à la gestion budgétaire et comptable de la HAS, organisme en comptabilité budgétaire publique, ainsi qu’à la préparation et au suivi d’exécution de son budget'",-,-,-,BOAMP_XML
3boamp2641049-2026-assistance-externe-pour,-,-,-,-,1.1,,1.1,-,,-,-,-,,-,-,-,400000.0,,400000.0,https://www.francemarches.com/appel-offre/3boamp2641049-2026-assistance-externe-pour,BOAMP,new,3boamp2641049-2026-assistance-externe-pour.html,,title: label_titre -> rejected score=40 value='' reason=empty; buyer: label_nom_officiel -> rejected score=40 value='' reason=empty; buyer: label_acheteur -> accepted score=30 value='1.1',-,-,-,BOAMP_XML
3boamp2641974-2026-maintien-condition-operationnelle,Accord-cadre,-,-,-,-,,-,Subdivision pays (NUTS) : Paris ( FR101 ),,Subdivision pays (NUTS) : Paris ( FR101 ),Subdivision pays (NUTS) : Paris ( FR101 ),2026-06-09 00:00:00,,2026-06-09 00:00:00,-,-,171.0,,171.0,https://ted.europa.eu/fr/notice/-/detail/274985-2026,BOAMP,new,3boamp2641974-2026-maintien-condition-operationnelle.html,oui,title: titre_pattern -> accepted score=50 value='Accord-cadre',-,-,-,BOAMP_XML
3boamp2642071-2026-assistance-ingenierie-coordination,ASSISTANCE EN INGENIERIE DE COORDINATION DE PROJETS DATA / INGENIERIE D'EXPERTISE DATA AU SEIN DE LA DIRECTION DU SYSTEME D'INFORMATION DE LA REGION NOUVELLE-AQUITAINE,-,-,-,-,,-,Subdivision pays (NUTS) : Gironde ( FRI12 ),,Subdivision pays (NUTS) : Gironde ( FRI12 ),Subdivision pays (NUTS) : Gironde ( FRI12 ),2026-05-29 00:00:00,,2026-05-29 00:00:00,-,-,171.0,,171.0,https://ted.europa.eu/fr/notice/-/detail/264857-2026,BOAMP,new,3boamp2642071-2026-assistance-ingenierie-coordination.html,oui,"title: titre_pattern -> accepted score=80 value=""ASSISTANCE EN INGENIERIE DE COORDINATION DE PROJETS DATA / INGENIERIE D'EXPERTISE DATA AU SEIN DE LA DIRECTION DU SYSTEME D'INFORMATION DE LA REGION NOUVELLE-AQUITAINE""",-,-,-,BOAMP_XML
3boamp2642106-2026-acquisition-mise-oeuvre,Acquisition et mise en œuvre d'une solution ERP en mode SaaS avec site web marchand et application mobile,-,-,-,-,,-,officiels de l’organisme acheteur public,,officiels de l’organisme acheteur public,officiels de l’organisme acheteur public,2026-06-05 00:00:00,,2026-06-05 00:00:00,-,-,171.0,,171.0,https://ted.europa.eu/fr/notice/-/detail/288908-2026,BOAMP,new,3boamp2642106-2026-acquisition-mise-oeuvre.html,oui,"title: titre_pattern -> accepted score=85 value=""Acquisition et mise en œuvre d'une solution ERP en mode SaaS avec site web marchand et application mobile""",-,-,-,BOAMP_XML
3boamp2642682-2026-renouvellement-maintenance-serveurs,Renouvellement et maintenance des serveurs de sauvegarde et prestations associées,-,-,-,-,,-,officiels de l’organisme acheteur public,,officiels de l’organisme acheteur public,officiels de l’organisme acheteur public,2026-06-04 00:00:00,,2026-06-04 00:00:00,-,-,171.0,,171.0,https://ted.europa.eu/fr/notice/-/detail/294682-2026,BOAMP,new,3boamp2642682-2026-renouvellement-maintenance-serveurs.html,oui,title: titre_pattern -> accepted score=85 value='Renouvellement et maintenance des serveurs de sauvegarde et prestations associées',-,-,-,BOAMP_XML
3boamp2643374-2026-refonte-site-internet,-,-,-,-,Nom complet de l'acheteur,,Nom complet de l'acheteur,"Votre code postal ne semble pas en France. Rien de grave, vous pouvez le modifier ou simplement valider",,"Votre code postal ne semble pas en France. Rien de grave, vous pouvez le modifier ou simplement valider","Votre code postal ne semble pas en France. Rien de grave, vous pouvez le modifier ou simplement valider",-,,-,-,-,-,,-,https://www.francemarches.com/appel-offre/3boamp2643374-2026-refonte-site-internet,BOAMP,new,3boamp2643374-2026-refonte-site-internet.html,,"title: label_titre -> rejected score=40 value='' reason=empty; buyer: label_nom_officiel -> rejected score=40 value='' reason=empty; buyer: label_acheteur -> accepted score=45 value=""Nom complet de l'acheteur""",-,-,-,BOAMP_XML
3boamp2643609-2026-prestations-services-informatiques,-,-,-,-,1.1,,1.1,-,,-,-,-,,-,-,-,-,,-,https://www.francemarches.com/appel-offre/3boamp2643609-2026-prestations-services-informatiques,BOAMP,new,3boamp2643609-2026-prestations-services-informatiques.html,,title: label_titre -> rejected score=40 value='' reason=empty; buyer: label_nom_officiel -> rejected score=40 value='' reason=empty; buyer: label_acheteur -> accepted score=30 value='1.1',-,-,-,BOAMP_XML
3boamp2644098-2026-prestations-conseil-collecte,"Prestations de conseil, de collecte, de développement, d'exploitation de données pour le Data Office",-,-,-,-,,-,officiels de l’organisme acheteur public,,officiels de l’organisme acheteur public,officiels de l’organisme acheteur public,2026-06-03 00:00:00,,2026-06-03 00:00:00,-,-,171.0,,171.0,https://ted.europa.eu/fr/notice/-/detail/302559-2026,BOAMP,new,3boamp2644098-2026-prestations-conseil-collecte.html,oui,"title: titre_pattern -> accepted score=85 value=""Prestations de conseil, de collecte, de développement, d'exploitation de données pour le Data Office""",-,-,-,BOAMP_XML
3boamp2644226-2026-assistance-maitrise-oeuvre,-,-,-,-,1.1,,1.1,-,,-,-,-,,-,-,-,2000000.0,,2000000.0,https://www.francemarches.com/appel-offre/3boamp2644226-2026-assistance-maitrise-oeuvre,BOAMP,new,3boamp2644226-2026-assistance-maitrise-oeuvre.html,,title: label_titre -> rejected score=40 value='' reason=empty; buyer: label_nom_officiel -> rejected score=40 value='' reason=empty; buyer: label_acheteur -> accepted score=30 value='1.1',-,-,-,BOAMP_XML
3boamp2644837-2026-systeme-information-dpsm,TMA - TME DU SYSTEME D'INFORMATION DU DPSM,-,-,-,-,,-,officiels de l’organisme acheteur public,,officiels de l’organisme acheteur public,officiels de l’organisme acheteur public,2026-06-05 00:00:00,,2026-06-05 00:00:00,-,-,171.0,,171.0,https://ted.europa.eu/fr/notice/-/detail/309435-2026,BOAMP,new,3boamp2644837-2026-systeme-information-dpsm.html,oui,"title: titre_pattern -> accepted score=75 value=""TMA - TME DU SYSTEME D'INFORMATION DU DPSM""",-,-,-,BOAMP_XML
3boamp2646966-2026-present-marche-pour?q=72200000,-,-,-,-,1.1,,1.1,-,,-,-,-,,-,-,-,440000.0,,440000.0,https://www.francemarches.com/appel-offre/3boamp2646966-2026-present-marche-pour,BOAMP,new,3boamp2646966-2026-present-marche-pour?q=72200000.html,,title: label_titre -> rejected score=40 value='' reason=empty; buyer: label_nom_officiel -> rejected score=40 value='' reason=empty; buyer: label_acheteur -> accepted score=30 value='1.1',-,-,-,BOAMP_XML
3boamp2647530-2026-missions-infogerance-systemes?q=72200000,MISSIONS D'INFOGERANCE DE SYSTEMES D'INFORMATION,-,-,-,-,,-,officiels de l’organisme acheteur public,,officiels de l’organisme acheteur public,officiels de l’organisme acheteur public,2026-06-11 00:00:00,,2026-06-11 00:00:00,-,-,171.0,,171.0,https://ted.europa.eu/fr/notice/-/detail/327362-2026,BOAMP,new,3boamp2647530-2026-missions-infogerance-systemes?q=72200000.html,oui,"title: titre_pattern -> accepted score=75 value=""MISSIONS D'INFOGERANCE DE SYSTEMES D'INFORMATION""",-,-,-,BOAMP_XML
3boamp2647639-2026-mise-place-outil?q=72200000,-,-,-,-,1.1,,1.1,-,,-,-,-,,-,-,-,-,,-,https://www.francemarches.com/appel-offre/3boamp2647639-2026-mise-place-outil,BOAMP,new,3boamp2647639-2026-mise-place-outil?q=72200000.html,,title: label_titre -> rejected score=40 value='' reason=empty; buyer: label_nom_officiel -> rejected score=40 value='' reason=empty; buyer: label_acheteur -> accepted score=30 value='1.1',-,-,-,BOAMP_XML
3boamp2648308-2026-prestation-reseau-cloud,Prestation IT : Réseau / Cloud / Sécurité,-,-,-,SPL P.A.R.S.E.F,,SPL P.A.R.S.E.F,(77) Seine-et-Marne,,(77) Seine-et-Marne,(77) Seine-et-Marne,-,,-,-,-,-,,-,https://www.francemarches.com/appel-offre/3boamp2648308-2026-prestation-reseau-cloud,France Marchés,new,3boamp2648308-2026-prestation-reseau-cloud?q=72200000.html,,"title: editorial_header -> accepted score=70 value='Prestation IT : Réseau / Cloud / Sécurité Enregistrer cet appel d’offre Localisation : Seine-et-Marne (77) Date de clotûre'; title: legal_text_title -> accepted score=75 value='Prestation IT : Réseau / Cloud / Sécurité'; title: description_short -> accepted score=50 value='Le présent marché a pour objet l’hébergement, la supervision et la maintenance d’une infrastructure informatique, nécessaire au fonctionnement du système d’information de la SPL. Ce marché s’inscrit dans une logique d’infogérance globale des infrastructures existantes et vise à assurer leur exploitation, leur sécurisation et leur évolution'; buyer: editorial_buyer_block -> rejected score=30 value='' reason=empty; buyer: legal_nom_complet -> accepted score=50 value='SPL P.A.R.S.E.F'; buyer: legal_nom_officiel -> rejected score=35 value='' reason=empty",-,-,-,FRANCE_MARCHES
MO-9589316,Infogérance du système d'information de l'INSEAMM,-,-,-,ESADMM,,ESADMM,13 - MARSEILLE,,13 - MARSEILLE,13 - MARSEILLE,2026-05-29 00:00:00,,2026-05-29 00:00:00,-,-,-,,-,https://www.marchesonline.com/appels-offres/avis/infogerance-du-systeme-d-information-de-l-inseamm/ao-9589316-1,Marchés Online,new,ao-9589316-1.html,,"title: h1_title_avis -> accepted score=75 value=""Infogérance du système d'information de l'INSEAMM""; title: title_tag -> accepted score=65 value=""Infogérance du système d'information de l'INSEAMM""; title: meta_description -> accepted score=60 value=""Infogérance du système d'information de l'INSEAMM""; buyer: company_link -> accepted score=45 value='ESADMM'",-,-,-,MARCHES_ONLINE
MO-9591946,Prestations d'assistance et d'expertise pour la migration et le déploiement des systèmes d'information vers le cloud au profit du Centre Spécialisé Cloud du MINARM,-,-,-,MINDEF/DIRISI/Bureau Marchés,,MINDEF/DIRISI/Bureau Marchés,94 - MINISTERE DES ARMEES,,94 - MINISTERE DES ARMEES,94 - MINISTERE DES ARMEES,2026-05-26 00:00:00,,2026-05-26 00:00:00,-,-,-,,-,https://www.marchesonline.com/appels-offres/avis/prestations-d-assistance-et-d-expertise-pour-la-migrati/ao-9591946-1,Marchés Online,new,ao-9591946-1.html,,"title: h1_title_avis -> accepted score=80 value=""Prestations d'assistance et d'expertise pour la migration et le déploiement des systèmes d'information vers le cloud au profit du Centre Spécialisé Cloud du MINARM""; title: title_tag -> accepted score=70 value=""Prestations d'assistance et d'expertise pour la migration et le déploiement des systèmes d'information vers le cloud au profit du Centre Spécialisé Cloud du MINARM""; title: meta_description -> accepted score=65 value=""Prestations d'assistance et d'expertise pour la migration et le déploiement des systèmes d'information vers le cloud au profit du Centre Spécialisé Cloud du MINARM""; buyer: company_link -> accepted score=75 value='MINDEF/DIRISI/Bureau Marchés'; buyer: nom_officiel_pattern -> accepted score=55 value='Commissariat au Numérique de Défense (CND)'",-,-,-,MARCHES_ONLINE
MO-9592936,"Fourniture, mise en oeuvre d'un Security Operation Center (SOC) managé et Protection des identités",-,-,-,Gaz Electricité de Grenoble,,Gaz Electricité de Grenoble,38 - GRENOBLE,,38 - GRENOBLE,38 - GRENOBLE,2026-05-26 00:00:00,,2026-05-26 00:00:00,-,-,-,,-,https://www.marchesonline.com/appels-offres/avis/fourniture-mise-en-oeuvre-d-un-security-operation-cent/ao-9592936-1,Marchés Online,new,ao-9592936-1.html,,"title: h1_title_avis -> accepted score=80 value=""Fourniture, mise en oeuvre d'un Security Operation Center (SOC) managé et Protection des identités""; title: title_tag -> rejected score=35 value='Fourniture' reason=generic_exact_title; title: meta_description -> accepted score=65 value=""Fourniture, mise en oeuvre d'un Security Operation Center (SOC) managé et Protection des identités""; buyer: company_link -> accepted score=60 value='Gaz Electricité de Grenoble'; buyer: nom_officiel_pattern -> accepted score=55 value='GAZ ELECTRICITE DE GRENOBLE'",-,-,-,MARCHES_ONLINE
MO-9594452,"Marché de prestations de maintenance d'assistance et d'infogérance du parc informatique, réseau et télécom de l'EPPGHV",-,-,-,Etablissement Public du Parc et de la Grande Halle de la Villette (EPPGHV),,Etablissement Public du Parc et de la Grande Halle de la Villette (EPPGHV),75 - EPPGHV,,75 - EPPGHV,75 - EPPGHV,2026-06-01 00:00:00,,2026-06-01 00:00:00,-,-,-,,-,https://www.marchesonline.com/appels-offres/avis/marche-de-prestations-de-maintenance-d-assistance-et-d/ao-9594452-1,Marchés Online,new,ao-9594452-1.html,,"title: h1_title_avis -> accepted score=80 value=""Marché de prestations de maintenance d'assistance et d'infogérance du parc informatique, réseau et télécom de l'EPPGHV""; title: title_tag -> accepted score=70 value=""Marché de prestations de maintenance d'assistance et d'infogérance du parc informatique""; title: meta_description -> accepted score=65 value=""Marché de prestations de maintenance d'assistance et d'infogérance du parc informatique, réseau et télécom de l'EPPGHV""; buyer: company_link -> accepted score=70 value='Etablissement Public du Parc et de la Grande Halle de la Villette (EPPGHV)'; buyer: nom_officiel_pattern -> accepted score=40 value='EPPGHV'",-,-,-,MARCHES_ONLINE
MO-9595379,Maintien en condition opérationnelle et l'accompagnement à l'évolution des infrastructures et services numériques de la Ville de Paris et du CASVP,-,-,-,Ville de Paris,,Ville de Paris,75 - VILLE DE PARIS,,75 - VILLE DE PARIS,75 - VILLE DE PARIS,2026-06-09 00:00:00,,2026-06-09 00:00:00,-,-,8500000.0,,8500000.0,https://www.marchesonline.com/appels-offres/avis/maintien-en-condition-operationnelle-et-l-accompagneme/ao-9595379-1,Marchés Online,new,ao-9595379-1.html,,"title: h1_title_avis -> accepted score=80 value=""Maintien en condition opérationnelle et l'accompagnement à l'évolution des infrastructures et services numériques de la Ville de Paris et du CASVP""; title: title_tag -> accepted score=70 value=""Maintien en condition opérationnelle et l'accompagnement à l'évolution des infrastructures et services numériques de la Ville de Paris et du CASVP""; title: meta_description -> accepted score=65 value=""Maintien en condition opérationnelle et l'accompagnement à l'évolution des infrastructures et services numériques de la Ville de Paris et du CASVP""; buyer: company_link -> accepted score=65 value='Ville de Paris'; buyer: nom_officiel_pattern -> accepted score=65 value='VILLE de PARIS - DFA - SDA'",-,-,-,MARCHES_ONLINE
MO-9595420,Tierce maintenance d'exploitation et de services des agences de l'eau,-,-,-,Agence de l'Eau Seine Normandie,,Agence de l'Eau Seine Normandie,92 - AGENCE DE L'EAU SEINE NORMANDIE,,92 - AGENCE DE L'EAU SEINE NORMANDIE,92 - AGENCE DE L'EAU SEINE NORMANDIE,2026-05-26 00:00:00,,2026-05-26 00:00:00,-,-,-,,-,https://www.marchesonline.com/appels-offres/avis/tierce-maintenance-d-exploitation-et-de-services-des-ag/ao-9595420-1,Marchés Online,new,ao-9595420-1.html,,"title: h1_title_avis -> accepted score=80 value=""Tierce maintenance d'exploitation et de services des agences de l'eau""; title: title_tag -> accepted score=70 value=""Tierce maintenance d'exploitation et de services des agences de l'eau""; title: meta_description -> accepted score=65 value=""Tierce maintenance d'exploitation et de services des agences de l'eau""; buyer: company_link -> accepted score=70 value=""Agence de l'Eau Seine Normandie""; buyer: nom_officiel_pattern -> accepted score=65 value=""Agence de l'eau Seine Normandie""",-,-,-,MARCHES_ONLINE
MO-9596025,Prestations de services informatiques pour le développement et la maintenance des outils informatiques,-,-,-,GCS UNIHA,,GCS UNIHA,69 - LYON,,69 - LYON,69 - LYON,2026-06-02 00:00:00,,2026-06-02 00:00:00,-,-,-,,-,https://www.marchesonline.com/appels-offres/avis/prestations-de-services-informatiques-pour-le-developp/ao-9596025-2,Marchés Online,new,ao-9596025-2.html,,title: h1_title_avis -> accepted score=80 value='Prestations de services informatiques pour le développement et la maintenance des outils informatiques'; title: title_tag -> accepted score=70 value='Prestations de services informatiques pour le développement et la maintenance des outils informatiques'; title: meta_description -> accepted score=65 value='Prestations de services informatiques pour le développement et la maintenance des outils informatiques'; buyer: company_link -> accepted score=55 value='GCS UNIHA'; buyer: nom_officiel_pattern -> accepted score=50 value='GCS-UNIHA',-,-,-,MARCHES_ONLINE
MO-9596601,"Fourniture et intégration de matériels et logiciels informatiques, services d'infogérance et de cybersécurité",-,-,-,SPL SEMEA,,SPL SEMEA,16 - ANGOULEME,,16 - ANGOULEME,16 - ANGOULEME,2026-06-02 00:00:00,,2026-06-02 00:00:00,-,-,-,,-,https://www.marchesonline.com/appels-offres/avis/fourniture-et-integration-de-materiels-et-logiciels-i/ao-9596601-1,Marchés Online,new,ao-9596601-1.html,,"title: h1_title_avis -> accepted score=80 value=""Fourniture et intégration de matériels et logiciels informatiques, services d'infogérance et de cybersécurité""; title: title_tag -> accepted score=70 value='Fourniture et intégration de matériels et logiciels informatiques'; title: meta_description -> accepted score=65 value=""Fourniture et intégration de matériels et logiciels informatiques, services d'infogérance et de cybersécurité""; buyer: company_link -> accepted score=55 value='SPL SEMEA'; buyer: nom_officiel_pattern -> accepted score=50 value='SPL SEMEA'",-,-,-,MARCHES_ONLINE
MO-9596814,Prestations logicielles relatives aux automates industriels pour SOLEIL II,-,-,-,Synchrotron Soleil,,Synchrotron Soleil,91 - SYNCHROTRON SOLEIL,,91 - SYNCHROTRON SOLEIL,91 - SYNCHROTRON SOLEIL,2026-06-01 00:00:00,,2026-06-01 00:00:00,-,-,-,,-,https://www.marchesonline.com/appels-offres/avis/prestations-logicielles-relatives-aux-automates-industr/ao-9596814-1,Marchés Online,new,ao-9596814-1.html,,title: h1_title_avis -> accepted score=80 value='Prestations logicielles relatives aux automates industriels pour SOLEIL II'; title: title_tag -> accepted score=70 value='Prestations logicielles relatives aux automates industriels pour SOLEIL II'; title: meta_description -> accepted score=65 value='Prestations logicielles relatives aux automates industriels pour SOLEIL II'; buyer: company_link -> accepted score=55 value='Synchrotron Soleil'; buyer: nom_officiel_pattern -> accepted score=50 value='SYNCHROTRON SOLEIL',-,-,-,MARCHES_ONLINE
MO-9596821,Renouvellement et maintenance des serveurs de sauvegarde et prestations associées,-,-,-,SICIO,,SICIO,94 - SICIO,,94 - SICIO,94 - SICIO,2026-06-04 00:00:00,,2026-06-04 00:00:00,-,-,-,,-,https://www.marchesonline.com/appels-offres/avis/renouvellement-et-maintenance-des-serveurs-de-sauvegard/ao-9596821-1,Marchés Online,new,ao-9596821-1.html,,title: h1_title_avis -> accepted score=80 value='Renouvellement et maintenance des serveurs de sauvegarde et prestations associées'; title: title_tag -> accepted score=70 value='Renouvellement et maintenance des serveurs de sauvegarde et prestations associées'; title: meta_description -> accepted score=65 value='Renouvellement et maintenance des serveurs de sauvegarde et prestations associées'; buyer: company_link -> accepted score=45 value='SICIO'; buyer: nom_officiel_pattern -> accepted score=40 value='SICIO',-,-,-,MARCHES_ONLINE
MO-9597280,"Fourniture, mise en oeuvre et maintien en condition opérationnelle de l'infrastructure informatique de CMC",-,-,-,Centre Morbihan Communauté,,Centre Morbihan Communauté,56 - CC CENTRE MORBIHAN,,56 - CC CENTRE MORBIHAN,56 - CC CENTRE MORBIHAN,2026-06-02 00:00:00,,2026-06-02 00:00:00,-,-,-,,-,https://www.marchesonline.com/appels-offres/avis/fourniture-mise-en-oeuvre-et-maintien-en-condition-op/ao-9597280-1,Marchés Online,new,ao-9597280-1.html,,"title: h1_title_avis -> accepted score=80 value=""Fourniture, mise en oeuvre et maintien en condition opérationnelle de l'infrastructure informatique de CMC""; title: title_tag -> rejected score=35 value='Fourniture' reason=generic_exact_title; title: meta_description -> accepted score=65 value=""Fourniture, mise en oeuvre et maintien en condition opérationnelle de l'infrastructure informatique de CMC""; buyer: company_link -> accepted score=70 value='Centre Morbihan Communauté'; buyer: nom_officiel_pattern -> accepted score=65 value='CENTRE MORBIHAN COMMUNAUTÉ'",-,-,-,MARCHES_ONLINE
MO-9597894,"Renouvellement du système d'information, virtualisation de serveurs, plateforme de stockage et système de sauvegarde",-,-,-,Le Muretain Agglo,,Le Muretain Agglo,31 - MURET,,31 - MURET,31 - MURET,2026-06-02 00:00:00,,2026-06-02 00:00:00,-,-,-,,-,https://www.marchesonline.com/appels-offres/avis/renouvellement-du-systeme-d-information-virtualisatio/ao-9597894-1,Marchés Online,new,ao-9597894-1.html,,"title: h1_title_avis -> accepted score=80 value=""Renouvellement du système d'information, virtualisation de serveurs, plateforme de stockage et système de sauvegarde""; title: title_tag -> accepted score=55 value=""Renouvellement du système d'information""; title: meta_description -> accepted score=65 value=""Renouvellement du système d'information, virtualisation de serveurs, plateforme de stockage et système de sauvegarde""; buyer: company_link -> accepted score=55 value='Le Muretain Agglo'; buyer: nom_officiel_pattern -> accepted score=50 value='LE MURETAIN AGGLO'",-,-,-,MARCHES_ONLINE
MO-9598475,Accord-cadre Infrastructure hyperconvergée et VDI (Virtual Desktop Infrastructure),-,-,-,Compagnie Nationale du Rhône,,Compagnie Nationale du Rhône,69 - LYON,,69 - LYON,69 - LYON,2026-06-10 00:00:00,,2026-06-10 00:00:00,-,-,-,,-,https://www.marchesonline.com/appels-offres/avis/accord-cadre-infrastructure-hyperconvergee-et-vdi-vir/ao-9598475-1,Marchés Online,new,ao-9598475-1.html,,title: h1_title_avis -> accepted score=80 value='Accord-cadre Infrastructure hyperconvergée et VDI (Virtual Desktop Infrastructure)'; title: title_tag -> rejected score=35 value='Accord' reason=generic_exact_title; title: meta_description -> accepted score=65 value='Accord-cadre Infrastructure hyperconvergée et VDI (Virtual Desktop Infrastructure)'; buyer: company_link -> accepted score=60 value='Compagnie Nationale du Rhône'; buyer: nom_officiel_pattern -> accepted score=55 value='Compagnie Nationale du Rhône',-,-,-,MARCHES_ONLINE
MO-9599071,"Prestations de support, infogérance et supervision pour les Services Numériques Éducatifs, et pour les environnements de travail, Data Centers, Infrastructures, Réseaux, Pare-Feux et Téléphonie de la Région Grand-Est, ainsi que de stockage",-,-,-,Région Grand Est,,Région Grand Est,67 - REGION GRAND EST,,67 - REGION GRAND EST,67 - REGION GRAND EST,2026-06-18 00:00:00,,2026-06-18 00:00:00,-,-,-,,-,https://www.marchesonline.com/appels-offres/avis/prestations-de-support-infogerance-et-supervision-pou/ao-9599071-1,Marchés Online,new,ao-9599071-1.html,,"title: h1_title_avis -> accepted score=80 value='Prestations de support, infogérance et supervision pour les Services Numériques Éducatifs, et pour les environnements de travail, Data Centers, Infrastructures, Réseaux, Pare-Feux et Téléphonie de la Région Grand-Est, ainsi que de stockage'; title: title_tag -> rejected score=55 value='Prestations de support' reason=generic_exact_title; title: meta_description -> accepted score=65 value='Prestations de support, infogérance et supervision pour les Services Numériques Éducatifs, et pour les environnements de travail, Data Centers, Infrastructures, Réseaux'; buyer: company_link -> accepted score=65 value='Région Grand Est'; buyer: nom_officiel_pattern -> accepted score=60 value='Région Grand Est'",-,-,-,MARCHES_ONLINE
MO-9599869,"Maintien en Condition Opérationnelle de l'Infrastructure Système, Stockage, Serveurs et Sauvegarde / Renouvellement, installation et maintenance de composants essentiels - GHT de la Nièvre",-,-,-,GHT de la Nièvre - Centre hospitalier Pierre Beregovoy,,GHT de la Nièvre - Centre hospitalier Pierre Beregovoy,58 - NEVERS,,58 - NEVERS,58 - NEVERS,2026-06-05 00:00:00,,2026-06-05 00:00:00,-,-,-,,-,https://www.marchesonline.com/appels-offres/avis/maintien-en-condition-operationnelle-de-l-infrastructu/ao-9599869-1,Marchés Online,new,ao-9599869-1.html,,"title: h1_title_avis -> accepted score=80 value=""Maintien en Condition Opérationnelle de l'Infrastructure Système, Stockage, Serveurs et Sauvegarde / Renouvellement, installation et maintenance de composants essentiels - GHT de la Nièvre""; title: title_tag -> accepted score=70 value=""Maintien en Condition Opérationnelle de l'Infrastructure Système""; title: meta_description -> accepted score=65 value=""Maintien en Condition Opérationnelle de l'Infrastructure Système, Stockage, Serveurs et Sauvegarde / Renouvellement, installation et maintenance de composants essentiels""; buyer: company_link -> accepted score=70 value='GHT de la Nièvre - Centre hospitalier Pierre Beregovoy'; buyer: nom_officiel_pattern -> accepted score=65 value=""Centre Hospitalier de l'Agglomération de Nevers""",-,-,-,MARCHES_ONLINE
