Acheteur_auto,Acheteur_clean,Acheteur_manual,Colonne 1,Colonne 2,Column 29,Date limite de remise des offres,Date_limite_auto,Date_limite_manual,Durée initiale du marché,Estimation (devise),Estimation du marché,Estimation_auto,Estimation_manual,Fonction publique,Intitulé synthétique,Localisation,Localisation_auto,Localisation_clean,Localisation_manual,Plateforme,Reconduction(s),Référence,Type,Type d'AO,URL source HTTPS,annonce_numero,conflits_detectes,cpv_principal,cpv_supplementaires,criteres_attribution,departements_publication,duree_reelle,extraction_notes,lots_detail,match_source,match_status,niveau_confiance,nombre_lots,options_reconduction,review_needed,source_type
RESA Innovation et Technologie SA en son nom et pour compte de RESA SA Intercommunale,RESA Innovation et Technologie SA en son nom et pour compte de RESA SA Intercommunale,,-,-,-,-,-,,-,EUR,-,-,,-,Mise à disposition et gestion du workplace IT,-,-,-,,France Marchés,-,13/joue/002671162026,-,-,-,,"References multiples: {'PPP1E2-3001/6300/2026031-S', '2026031-S_1', '2026031-S_2'}",72500000,"72500000, 72500000",et pondérations seront mentionnés ultérieurement dans le cahier des charges,,estimée,[2026-05-16 02:10:38] title: weborama_from_3 → 'Mise à disposition et gestion du workplace IT'; [2026-05-16 02:10:38] Extraction réussie (completude: 100%),,13joue002671162026-2026-mise-disposition-gestion.html,new,faible,0,,,FRANCE_MARCHES
UNICANCER ACHATS,UNICANCER ACHATS,,-,-,-,-,-,,-,EUR,-,-,,-,"Fourniture d'une prestation de service relative à la gestion des activités de data management et la gestion des activités de biostatistiques à visée d'enregistrements auprès des autorités réglementaires au format ADAM des études cliniques pour UNICANCER RetD, les CLCC et les Etablissement affiliés.",-,-,-,,France Marchés,-,13/joue/002708922026,-,-,-,,"References multiples: {""Gestion des activités de Biostatistiques à visée d'enregistrements auprès des autorités réglementaires au format ADAM"", 'UNICANCER/2026/RD029', 'Gestion globale des activités data management'}",72200000,"72316000, 72200000, 72316000, 72200000, 72316000",,,estimée,[2026-05-16 02:10:38] title: weborama_from_3 → 'Fourniture d'une prestation de service relative à ...'; [2026-05-16 02:10:38] Extraction réussie (completude: 100%),,13joue002708922026-2026-fourniture-prestation-service.html,new,faible,0,,,FRANCE_MARCHES
EPPGHV,EPPGHV,,-,-,-,-,-,,-,EUR,-,-,,-,"MARCHE DE PRESTATIONS DE MAINTENANCE D'ASSISTANCE ET D'INFOGERANCE DU PARC INFORMATIQUE, RESEAU ET TELECOM DE L'EPPGHV.",-,-,-,,France Marchés,-,13/joue/002845752026,-,-,-,,,72500000,"72610000, 72500000, 72610000",,,estimée,[2026-05-16 02:10:39] title: weborama_from_3 → 'MARCHE DE PRESTATIONS DE MAINTENANCE D'ASSISTANCE ...'; [2026-05-16 02:10:39] Extraction réussie (completude: 100%),,13joue002845752026-2026-marche-prestations-maintenance.html,new,,0,"Offre de base : le marché est conclu pour 1 an ferme, reconduit tacitement trois (3) fois pour une durée d’un an (1) sans que sa durée totale n'excède quatre (4) ans. Offre variante exigée : le marché est conclu pour une durée ferme de 48 mois.",,FRANCE_MARCHES
VILLE de PARIS - DFA - SDA,VILLE de PARIS - DFA - SDA,,-,-,-,-,-,,-,EUR,-,-,,-,Accord-cadre à bons de commande pour le maintien en condition opérationnelle et l'accompagnement à l'évolution des infrastructures et services numériques de la Ville de Paris et du CASVP,-,-,-,,France Marchés,-,13/joue/002850982026,-,-,-,,"References multiples: {'0', '2600517'}",72250000,72250000,,,estimée,[2026-05-16 02:10:39] title: weborama_from_3 → 'Accord-cadre à bons de commande pour le maintien e...'; [2026-05-16 02:10:39] Extraction réussie (completude: 100%),,13joue002850982026-2026-accord-cadre-bons.html,new,faible,0,,,FRANCE_MARCHES
Parlement Wallon,Parlement Wallon,,-,-,-,-,-,,-,EUR,-,-,,-,"Marché public relatif à la mise à disposition d'un système ERP intégré portant sur la gestion financière, les ressources humaines et les composants annexes",-,-,-,,France Marchés,-,13/joue/002925532026,-,-,-,,"References multiples: {'PW-KG/26-010', '1'}",72000000,72000000,,,estimée,[2026-05-16 02:10:39] title: weborama_from_3 → 'Marché public relatif à la mise à disposition d'un...'; [2026-05-16 02:10:39] Extraction réussie (completude: 100%),,13joue002925532026-2026-marche-public-relatif.html,new,faible,0,,,FRANCE_MARCHES
Conservatoire national des arts et métiers -Cnam,Conservatoire national des arts et métiers -Cnam,,-,-,-,-,-,,-,EUR,-,-,,-,Accompagnement à la convergence des systèmes d'information de scolarité du Conservatoire national des arts et métiers – Cnam - Paris,-,-,-,,France Marchés,-,13/joue/002929142026,-,-,-,,,72224000,"72000000, 72224000, 72000000",,,estimée,[2026-05-16 02:10:39] title: weborama_from_3 → 'Accompagnement à la convergence des systèmes d'inf...'; [2026-05-16 02:10:39] Extraction réussie (completude: 100%),,13joue002929142026-2026-accompagnement-convergence-systemes.html,new,,0,,,FRANCE_MARCHES
Institut Français,Institut Français,,-,-,-,-,-,,-,EUR,-,-,,-,"Marché pour la maintenance applicative, corrective et évolutive du site internet Culturethèque (et toutes ses fonctionnalités) et pour l'hébergement",-,-,-,,France Marchés,-,13/joue/002939872026,-,-,-,,"References multiples: {'2025/DARC/03', '2026/DARC/03'}",72000000,72000000,,,estimée,"[2026-05-16 02:10:39] title: weborama_from_3 → 'Marché pour la maintenance applicative, corrective...'; [2026-05-16 02:10:39] Extraction réussie (completude: 100%)",,13joue002939872026-2026-marche-pour-maintenance.html,new,faible,0,,,FRANCE_MARCHES
Institut géographique national,Institut géographique national,,-,-,-,-,-,,-,EUR,-,-,,-,"La continuité, l'exploitation, l'hébergement, la maintenance et le développement de la plateforme de notification eTOD",-,-,-,,France Marchés,-,13/joue/002946202026,-,-,-,,"References multiples: {'PM BROKER 26-15', '1'}",72000000,72000000,,,estimée,"[2026-05-16 02:10:39] title: weborama_from_3 → 'La continuité, l'exploitation, l'hébergement, la m...'; [2026-05-16 02:10:39] Extraction réussie (completude: 100%)",,13joue002946202026-2026-continuite-exploitation-hebergement?q=h%C3%A9bergement web.html,new,faible,0,,,FRANCE_MARCHES
SICIO,SICIO,,-,-,-,-,-,,-,EUR,-,-,,-,Renouvellement et maintenance des serveurs de sauvegarde et prestations associées,-,-,-,,France Marchés,-,13/joue/002946822026,-,-,-,,"References multiples: {'2026M01 LOT 1', '2026M01 LOT 2'}",72250000,"72250000, 72250000",,,estimée,[2026-05-16 02:10:39] title: weborama_from_3 → 'Renouvellement et maintenance des serveurs de sauv...'; [2026-05-16 02:10:39] Extraction réussie (completude: 100%),,13joue002946822026-2026-renouvellement-maintenance-serveurs.html,new,faible,0,,,FRANCE_MARCHES
Compagnie Nationale du Rhône,Compagnie Nationale du Rhône,,-,-,-,-,-,,-,EUR,-,-,,-,Accord-cadre Infrastructure hyperconvergée et VDI (Virtual Desktop Infrastructure),-,-,-,,France Marchés,-,13/joue/003036002026,-,-,-,,,72600000,"72263000, 72600000, 72263000",,,estimée,[2026-05-16 02:10:39] title: weborama_from_3 → 'Accord-cadre Infrastructure hyperconvergée et VDI ...'; [2026-05-16 02:10:39] Extraction réussie (completude: 100%),,13joue003036002026-2026-accord-cadre-infrastructure.html,new,,0,,,FRANCE_MARCHES
Union des Groupements d'Achats Publics,Union des Groupements d'Achats Publics,,-,-,-,-,-,,-,EUR,-,-,,-,"Fourniture de solutions d'infrastructure informatique (matériels, logiciels et prestations associées)",-,-,-,,France Marchés,-,13/joue/003085442026,-,-,-,,"References multiples: {'4', '2', '5', '8', '7', '3', '6', '25U018', '1'}",48822000,"48822000, 48822000, 48822000, 48822000, 48822000, 48822000, 48822000, 48822000, 48822000, 48822000, 48822000, 48822000, 48822000, 48822000, 48822000, 48822000, 48822000",,,estimée,[2026-05-16 02:10:39] title: weborama_from_3 → 'Fourniture de solutions d'infrastructure informati...'; [2026-05-16 02:10:39] Extraction réussie (completude: 100%),,13joue003085442026-2026-fourniture-solutions-infrastructure.html,new,faible,0,,,FRANCE_MARCHES
Centre Hospitalier de l'Agglomération de Nevers,Centre Hospitalier de l'Agglomération de Nevers,,-,-,-,-,-,,-,EUR,-,-,,-,"Maintien en Condition Opérationnelle de l'Infrastructure Système, Stockage, Serveurs et Sauvegarde \\\/ Renouvellement, installation et maintenance de composants essentiels - GHT de la Nièvre",-,-,-,,France Marchés,-,13/joue/003107212026,-,-,-,,"References multiples: {'2026-30', '0'}",72500000,72500000,,,estimée,[2026-05-16 02:10:39] title: weborama_from_3 → 'Maintien en Condition Opérationnelle de l'Infrastr...'; [2026-05-16 02:10:39] Extraction réussie (completude: 100%),,13joue003107212026-2026-maintien-condition-operationnelle.html,new,faible,0,,,FRANCE_MARCHES
Institut géographique national,Institut géographique national,,-,-,-,-,-,,-,EUR,-,-,,-,"La continuité, l'exploitation, l'hébergement, la maintenance et le développement de la plateforme de notification eTOD",-,-,-,,France Marchés,-,13/joue/003228322026,-,-,-,,"References multiples: {'PM BROKER 26-15', '1'}",72000000,72000000,,,estimée,"[2026-05-16 02:10:39] title: weborama_from_3 → 'La continuité, l'exploitation, l'hébergement, la m...'; [2026-05-16 02:10:39] Extraction réussie (completude: 100%)",,13joue003228322026-2026-continuite-exploitation-hebergement?q=72200000.html,new,faible,0,,,FRANCE_MARCHES
COMMISSARIAT A L'ENERGIE ATOMIQUE,COMMISSARIAT A L'ENERGIE ATOMIQUE,,-,-,-,-,-,,-,EUR,-,-,,-,Prestations de Tierce Maintenance Applicative des Logiciels Systèmes Energétiques du LITEN,-,-,-,,France Marchés,-,13/joue/003237302026,-,-,-,,,72500000,72250000,,,estimée,[2026-05-16 02:10:39] title: weborama_from_3 → 'Prestations de Tierce Maintenance Applicative des ...'; [2026-05-16 02:10:39] Extraction réussie (completude: 100%),,13joue003237302026-2026-prestations-tierce-maintenance?q=72200000.html,new,,0,,,FRANCE_MARCHES
2026-04,2026-04,,-,-,-,-,-,,-,EUR,-,-,,-,PRESTATIONS DE SUPPORT ET MAINTENANCE LOGICIEL,-,-,-,,France Marchés,-,13/joue/003241312026,-,-,-,,,72000000,"72250000, 72000000, 72250000",,,estimée,[2026-05-16 02:10:40] title: weborama_from_3 → 'PRESTATIONS DE SUPPORT ET MAINTENANCE LOGICIEL'; [2026-05-16 02:10:40] Extraction réussie (completude: 100%),,13joue003241312026-2026-prestations-support-maintenance?q=72200000.html,new,,0,"Le marché est conclu pour une période de 12 mois à compter de sa date de notification. A la date anniversaire du marché, la durée pourra être reconduit tacitement 03 fois pour une durée de 12 mois, soit une durée totale de 48 mois.",,FRANCE_MARCHES
DSI - Direction des systèmes d information,DSI - Direction des systèmes d information,,-,-,-,-,-,,-,EUR,-,-,,-,Accompagnement à l extension de l ITSM de la DSI,-,-,-,,France Marchés,-,13/joue/003272002026,-,-,-,,,72000000,72000000,,,estimée,[2026-05-16 02:10:40] title: weborama_from_3 → 'Accompagnement à l extension de l ITSM de la DSI'; [2026-05-16 02:10:40] Extraction réussie (completude: 100%),,13joue003272002026-2026-accompagnement-extension-itsm?q=72200000.html,new,,0,,,FRANCE_MARCHES
BANQUE DE FRANCE - Direction des Achats,BANQUE DE FRANCE - Direction des Achats,,-,-,-,-,-,,-,EUR,-,-,,-,HISI V2 - Hébergement et infogérance des sites internet,-,-,-,,France Marchés,-,13/joue/003278382026,-,-,-,,,72400000,72400000,,,estimée,[2026-05-16 02:10:40] title: weborama_from_3 → 'HISI V2 - Hébergement et infogérance des sites int...'; [2026-05-16 02:10:40] Extraction réussie (completude: 100%),,13joue003278382026-2026-hisi-hebergement-infogerance?q=72200000.html,new,,0,Le marché a une durée ferme de 48 mois avec quatre possibilités de reconduction de 12 mois chacune.,,FRANCE_MARCHES
Département de la Vendée,Département de la Vendée,,-,-,-,-,-,,-,EUR,-,-,,-,"Maintenance, hébergement et développements des sites et applicatifs web du Département de la Vendée",-,-,-,,France Marchés,-,13/joue/003293162026,-,-,-,,"References multiples: {'2026CG-A0019', '2', '1'}",72400000,"72400000, 72400000, 72413000, 72400000, 72415000",,,estimée,"[2026-05-16 02:10:40] title: weborama_from_3 → 'Maintenance, hébergement et développements des sit...'; [2026-05-16 02:10:40] Extraction réussie (completude: 100%)",,13joue003293162026-2026-maintenance-hebergement-developpements?q=72200000.html,new,faible,0,,,FRANCE_MARCHES
REGION NORMANDIE,REGION NORMANDIE,,-,-,-,-,-,,-,EUR,-,-,,-,Groupement de commandes pour la fourniture de services de sécurité informatique pour les réseaux d'accès normands au profit des Etablissements Publics Locaux d'Enseignement,-,-,-,,France Marchés,-,13/joue/003304802026,-,-,-,,"References multiples: {'S-PF-1817964', '2026-TIC-DRTN-0060'}",72600000,"72600000, 72600000, 72600000",,,estimée,[2026-05-16 02:10:40] title: weborama_from_3 → 'Groupement de commandes pour la fourniture de serv...'; [2026-05-16 02:10:40] Extraction réussie (completude: 100%),,13joue003304802026-2026-groupement-commandes-pour?q=72200000.html,new,faible,0,Le contrat prévoit la possibilité de confier ultérieurement au titulaire du marché un ou plusieurs marchés ayant pour objet la réalisation de prestations similaires,,FRANCE_MARCHES
Synchrotron Soleil,Synchrotron Soleil,,-,-,-,2026-06-01 00:00:00,2026-06-01 00:00:00,,-,,-,-,,-,Prestations logicielles relatives aux automates industriels pour SOLEIL II.,SAINT-AUBIN (91190) - Essonne ( FR104 ),SAINT-AUBIN (91190) - Essonne ( FR104 ),SAINT-AUBIN (91190) - Essonne ( FR104 ),,Marchés Online,-,2026-022-BL,-,-,-,,,,,,,,"[2026-05-16 02:10:40] title: h1_title_long_from_4_candidates → 'Prestations logicielles relatives aux automates in...'; [2026-05-16 02:10:40] buyer: company_link_from_4_candidates → 'Synchrotron Soleil'; [2026-05-16 02:10:40] location: section_5_lieu → 'SAINT-AUBIN (91190) - Essonne ( FR104 )'; [2026-05-16 02:10:40] date_limite: limite_visible_%d/%m/%Y → '01/06/2026'; [2026-05-16 02:10:40] cpv: found_11_codes → '72600000,48100000,72600000'; [2026-05-16 02:10:40] procedure_type: section_2 → 'Ouverte'; [2026-05-16 02:10:40] contract_nature: section_2_or_5 → 'Services'; [2026-05-16 02:10:40] duree_mois: section_5_1_3_structured → '12 mois = 12 mois'; [2026-05-16 02:10:40] Lots: LOT-0001 (12 mois); LOT-0002 (6 mois); LOT-0003 (6 mois); [2026-05-16 02:10:40] Extraction partielle (completude: 67%)",,2026-022-BL.html,new,,,,,MARCHES_ONLINE
GHT de la Nièvre - Centre hospitalier Pierre Beregovoy,GHT de la Nièvre - Centre hospitalier Pierre Beregovoy,,-,-,-,2026-06-05 00:00:00,2026-06-05 00:00:00,,-,EUR,-,-,,-,"Maintien en Condition Opérationnelle de l'Infrastructure Système, Stockage, Serveurs et Sauvegarde / Renouvellement, installation et maintenance de composants essentiels - GHT de la Nièvre.",NEVERS cedex (58033) - Nièvre ( FRC12 ),NEVERS cedex (58033) - Nièvre ( FRC12 ),NEVERS cedex (58033) - Nièvre ( FRC12 ),,Marchés Online,-,2026-30,-,-,-,,"References multiples: {'2026-30', '0'}",72500000,72500000,,,estimée,"[2026-05-16 02:10:40] title: h1_title_long_from_4_candidates → 'Maintien en Condition Opérationnelle de l'Infrastr...'; [2026-05-16 02:10:40] buyer: company_link_from_4_candidates → 'GHT de la Nièvre - Centre hospitalier Pierre Bereg...'; [2026-05-16 02:10:40] fonction_publique: activite_sante → 'hospitaliere'; [2026-05-16 02:10:40] location: section_5_lieu → 'NEVERS cedex (58033) - Nièvre ( FRC12 )'; [2026-05-16 02:10:40] date_limite: limite_visible_%d/%m/%Y → '05/06/2026'; [2026-05-16 02:10:40] cpv: found_5_codes → '72500000,72500000,20001120'; [2026-05-16 02:10:40] procedure_type: section_2 → 'Ouverte'; [2026-05-16 02:10:40] contract_nature: section_2_or_5 → 'Services'; [2026-05-16 02:10:40] Lots: LOT-0001; [2026-05-16 02:10:40] Extraction partielle (completude: 67%)",,2026-30.html,new,faible,0,,,MARCHES_ONLINE
SPL SEMEA,SPL SEMEA,,-,-,-,2026-06-02 00:00:00,2026-06-02 00:00:00,,-,,-,-,,-,"Fourniture et intégration de matériels et logiciels informatiques, services d'infogérance et de cybersécurité.",Angouleme (16000) - Charente ( FRI31 ),Angouleme (16000) - Charente ( FRI31 ),Angouleme (16000) - Charente ( FRI31 ),,Marchés Online,-,202604-02,-,-,-,,,,,,,,"[2026-05-16 02:10:40] title: h1_title_long_from_4_candidates → 'Fourniture et intégration de matériels et logiciel...'; [2026-05-16 02:10:40] buyer: company_link_from_2_candidates → 'SPL SEMEA'; [2026-05-16 02:10:40] location: section_5_lieu → 'Angouleme (16000) - Charente ( FRI31 )'; [2026-05-16 02:10:40] date_limite: limite_visible_%d/%m/%Y → '02/06/2026'; [2026-05-16 02:10:40] cpv: found_14_codes → '72500000,72315200,72700000'; [2026-05-16 02:10:40] procedure_type: section_2 → 'Négociée avec publication préalable d'un appel à l...'; [2026-05-16 02:10:40] contract_nature: section_2_or_5 → 'Services'; [2026-05-16 02:10:40] Lots: LOT-0000; [2026-05-16 02:10:40] Extraction partielle (completude: 67%)",,202604-02.html,new,,,,,MARCHES_ONLINE
Région Grand Est,Région Grand Est,,-,-,-,2026-06-18 00:00:00,2026-06-18 00:00:00,,-,,6500000.0,6500000.0,,-,"Prestations de support, infogérance et supervision pour les Services Numériques Éducatifs, et pour les environnements de travail, Data Centers, Infrastructures, Réseaux, Pare-Feux et Téléphonie de la Région Grand-Est, ainsi que de stockage ...",67 - REGION GRAND EST,67 - REGION GRAND EST,67 - REGION GRAND EST,,Marchés Online,-,2026A0239,-,-,-,,,,,,,,"[2026-05-16 02:10:40] title: h1_title_long_from_4_candidates → 'Prestations de support, infogérance et supervision...'; [2026-05-16 02:10:40] buyer: company_link_from_4_candidates → 'Région Grand Est'; [2026-05-16 02:10:40] location: info_block → '67 - REGION GRAND EST'; [2026-05-16 02:10:40] date_limite: limite_visible_%d/%m/%Y → '18/06/2026'; [2026-05-16 02:10:40] cpv: found_32_codes → '72253000,63120000,72250000'; [2026-05-16 02:10:40] procedure_type: section_2 → 'Ouverte'; [2026-05-16 02:10:40] contract_nature: section_2_or_5 → 'Services'; [2026-05-16 02:10:40] duree_mois: section_5_1_3_structured → '24 mois = 24 mois'; [2026-05-16 02:10:40] estimation_eur: section_5_1_5_valeur_estimee → '6500000 EUR'; [2026-05-16 02:10:40] Lots: LOT-0001 (24 mois) est=6500000EUR; LOT-0002 (24 mois) est=5500000EUR; LOT-0003 (24 mois) est=1875000EUR; LOT-0004 (24 mois) est=1000000EUR; [2026-05-16 02:10:40] Valeur estimée: 6500000 EUR; [2026-05-16 02:10:40] Extraction partielle (completude: 67%)",,2026A0239.html,new,,,,,MARCHES_ONLINE
SICIO,SICIO,,-,-,-,2026-06-04 00:00:00,2026-06-04 00:00:00,,-,EUR,800000.0,800000.0,,-,Renouvellement et maintenance des serveurs de sauvegarde et prestations associées.,Villeneuve le roi (94290) - Val-de-Marne ( FR107 ),Villeneuve le roi (94290) - Val-de-Marne ( FR107 ),Villeneuve le roi (94290) - Val-de-Marne ( FR107 ),,Marchés Online,-,2026M01,-,-,-,26-42682,"References multiples: {'2026M01 LOT 1', '2026M01 LOT 2'}; Somme lots (800.0) != global (1.025)",72250000,"72250000, 72250000",,94,estimée,"[2026-05-16 02:10:40] title: h1_title_long_from_4_candidates → 'Renouvellement et maintenance des serveurs de sauv...'; [2026-05-16 02:10:40] buyer: company_link_from_4_candidates → 'SICIO'; [2026-05-16 02:10:40] fonction_publique: forme_droit_public → 'etat'; [2026-05-16 02:10:40] location: section_5_lieu → 'Villeneuve le roi (94290) - Val-de-Marne ( FR107 )'; [2026-05-16 02:10:40] date_limite: limite_visible_%d/%m/%Y → '04/06/2026'; [2026-05-16 02:10:40] cpv: found_7_codes → '72250000,72250000,72250000'; [2026-05-16 02:10:40] procedure_type: section_2 → 'Ouverte'; [2026-05-16 02:10:40] contract_nature: section_2_or_5 → 'Services'; [2026-05-16 02:10:40] duree_mois: section_5_1_3_structured → '4 ans = 48 mois'; [2026-05-16 02:10:40] estimation_eur: section_5_1_5_valeur_estimee → '800000 EUR'; [2026-05-16 02:10:40] Lots: LOT-0001 (4 ans) est=800000EUR; LOT-0002 (4 ans) est=225000EUR; [2026-05-16 02:10:40] Valeur estimée: 800000 EUR; [2026-05-16 02:10:40] Extraction partielle (completude: 67%)",Lot LOT-0001: Fourniture de la plateforme de sauvegarde.... (CPV 72250000),2026M01.html,new,faible,1,,,MARCHES_ONLINE
Etablissement Public du Parc et de la Grande Halle de la Villette (EPPGHV),Etablissement Public du Parc et de la Grande Halle de la Villette (EPPGHV),,-,-,-,2026-06-01 00:00:00,2026-06-01 00:00:00,,-,EUR,660000.0,660000.0,,-,"Marché de prestations de maintenance d'assistance et d'infogérance du parc informatique, réseau et télécom de l'EPPGHV..",Paris (75019) - Paris ( FR101 ),Paris (75019) - Paris ( FR101 ),Paris (75019) - Paris ( FR101 ),,Marchés Online,-,2026MDAF0063,-,-,-,26-41450,,72500000,"72610000, 72611000, 72600000, 72500000, 72610000, 72611000, 72600000",,"75, 77, 91, 92, 93, 94, 95",estimée,"[2026-05-16 02:10:40] title: h1_title_long_from_4_candidates → 'Marché de prestations de maintenance d'assistance ...'; [2026-05-16 02:10:40] buyer: company_link_from_4_candidates → 'Etablissement Public du Parc et de la Grande Halle...'; [2026-05-16 02:10:40] fonction_publique: forme_droit_public → 'etat'; [2026-05-16 02:10:40] location: section_5_lieu → 'Paris (75019) - Paris ( FR101 )'; [2026-05-16 02:10:40] date_limite: limite_visible_%d/%m/%Y → '01/06/2026'; [2026-05-16 02:10:40] cpv: found_12_codes → '72500000,72610000,72611000'; [2026-05-16 02:10:40] procedure_type: section_2 → 'Ouverte'; [2026-05-16 02:10:40] contract_nature: section_2_or_5 → 'Services'; [2026-05-16 02:10:40] duree_mois: section_5_1_3_structured → '4 ans = 48 mois'; [2026-05-16 02:10:40] estimation_eur: section_5_1_5_valeur_estimee → '660000 EUR'; [2026-05-16 02:10:40] Lots: LOT-0001 (4 ans) est=660000EUR max=160000EUR; [2026-05-16 02:10:40] Valeur estimée: 660000 EUR; [2026-05-16 02:10:40] Extraction partielle (completude: 67%)",Lot LOT-0001: MARCHE DE PRESTATIONS DE MAINTENANCE D'ASSISTANCE ... (CPV 72500000),2026MDAF0063.html,new,,1,"Offre de base : le marché est conclu pour 1 an ferme, reconduit tacitement trois (3) fois pour une durée d'un an (1) sans que sa durée totale n'excède quatre (4) ans. Offre variante exigée : le marché est conclu pour une durée ferme de 48 mois.",,MARCHES_ONLINE
Gaz Electricité de Grenoble,Gaz Electricité de Grenoble,,-,-,-,2026-05-26 00:00:00,2026-05-26 00:00:00,,-,,-,-,,-,"Fourniture, mise en oeuvre d'un Security Operation Center (SOC) managé et Protection des identités.",Grenoble (38042) - Isère (FRK24),Grenoble (38042) - Isère (FRK24),Grenoble (38042) - Isère (FRK24),,Marchés Online,-,2026_07.,-,-,-,,,,,,,,"[2026-05-16 02:10:40] title: h1_title_long_from_4_candidates → 'Fourniture, mise en oeuvre d'un Security Operation...'; [2026-05-16 02:10:40] buyer: company_link_from_2_candidates → 'Gaz Electricité de Grenoble'; [2026-05-16 02:10:40] location: section_5_lieu → 'Grenoble (38042) - Isère (FRK24)'; [2026-05-16 02:10:40] date_limite: limite_visible_%d/%m/%Y → '26/05/2026'; [2026-05-16 02:10:40] cpv: found_14_codes → '81857697,72222300,72222300'; [2026-05-16 02:10:40] procedure_type: section_2 → 'Négociée avec publication préalable d'un appel à l...'; [2026-05-16 02:10:40] Extraction partielle (completude: 67%)",,2026_07..html,new,,,,,MARCHES_ONLINE
Agence de l'Eau Seine Normandie,Agence de l'Eau Seine Normandie,,-,-,-,2026-05-26 00:00:00,2026-05-26 00:00:00,,-,,25000000.0,25000000.0,,-,Tierce maintenance d'exploitation et de services des agences de l'eau.,Courbevoie (92416) - Hauts-de-Seine ( FR105 ),Courbevoie (92416) - Hauts-de-Seine ( FR105 ),Courbevoie (92416) - Hauts-de-Seine ( FR105 ),,Marchés Online,-,26-011,-,-,-,,,,,,,,"[2026-05-16 02:10:41] title: h1_title_long_from_4_candidates → 'Tierce maintenance d'exploitation et de services d...'; [2026-05-16 02:10:41] buyer: company_link_from_4_candidates → 'Agence de l'Eau Seine Normandie'; [2026-05-16 02:10:41] fonction_publique: forme_droit_public → 'etat'; [2026-05-16 02:10:41] location: section_5_lieu → 'Courbevoie (92416) - Hauts-de-Seine ( FR105 )'; [2026-05-16 02:10:41] date_limite: limite_visible_%d/%m/%Y → '26/05/2026'; [2026-05-16 02:10:41] cpv: found_7_codes → '72250000,72514000,72250000'; [2026-05-16 02:10:41] procedure_type: section_2 → 'Négociée avec publication préalable d'un appel à l...'; [2026-05-16 02:10:41] contract_nature: section_2_or_5 → 'Services'; [2026-05-16 02:10:41] estimation_eur: section_2_1_3_global → '25000000 EUR'; [2026-05-16 02:10:41] Lots: LOT-0001 max=25000000EUR; [2026-05-16 02:10:41] Valeur globale accord-cadre: 25000000 EUR; [2026-05-16 02:10:41] Extraction partielle (completude: 67%)",,26-011.html,new,,,,,MARCHES_ONLINE
Direction Générale des Finances Publiques,Direction Générale des Finances Publiques,,-,-,-,2026-06-04 17:00:00,2026-06-04 17:00:00,,-,,-,-,,-,Assistance externe pour la conduite de consultations organisées dans le cadre des dispositions du code de la commande publique pour les marchés de techniques de l’information et de la communication.,Montreuil (93186),Montreuil (93186),Montreuil (93186),,BOAMP,-,DGFIP-DRS-2500077,-,-,-,,,,,,,,"[2026-05-16 02:10:41] title: from_2_candidates → 'Assistance externe pour la conduite de consultatio...'; [2026-05-16 02:10:41] reference: identifiant_interne → 'DGFIP-DRS-2500077'; [2026-05-16 02:10:41] buyer: nom_officiel → 'Direction Générale des Finances Publiques'; [2026-05-16 02:10:41] location: ville_cp → 'Montreuil (93186)'; [2026-05-16 02:10:41] date_limite: date_reception_%d/%m/%Y → '04/06/2026 17:00'; [2026-05-16 02:10:41] cpv: found_7 → '72220000,72220000,13000049'; [2026-05-16 02:10:41] Extraction réussie (completude: 100%)",,26-41049.html,new,,,,,BOAMP_XML
Ville de Paris,Ville de Paris,,-,-,-,2026-06-09 00:00:00,2026-06-09 00:00:00,,-,,-,-,,-,Maintien en condition opérationnelle et l'accompagnement à l'évolution des infrastructures et services numériques de la Ville de Paris et du CASVP,PARIS (75013) - Paris ( FR101 ),PARIS (75013) - Paris ( FR101 ),PARIS (75013) - Paris ( FR101 ),,Marchés Online,-,2600517,-,-,-,,,,,,,,"[2026-05-16 02:10:41] title: h1_title_long_from_3_candidates → 'Maintien en condition opérationnelle et l'accompag...'; [2026-05-16 02:10:41] buyer: company_link_from_4_candidates → 'Ville de Paris'; [2026-05-16 02:10:41] location: section_5_lieu → 'PARIS (75013) - Paris ( FR101 )'; [2026-05-16 02:10:41] date_limite: limite_visible_%d/%m/%Y → '09/06/2026'; [2026-05-16 02:10:41] cpv: found_5_codes → '72250000,72250000,21750001'; [2026-05-16 02:10:41] procedure_type: section_2 → 'Ouverte'; [2026-05-16 02:10:41] contract_nature: section_2_or_5 → 'Services'; [2026-05-16 02:10:41] duree_mois: section_5_1_3_structured → '48 mois = 48 mois'; [2026-05-16 02:10:41] Lots: LOT-0001 (48 mois); [2026-05-16 02:10:41] Extraction partielle (completude: 67%)",,2600517.html,new,,,,,MARCHES_ONLINE
MINARM / ESTM / EPA / SHOM - Service hydrographique et océanographique de la Marine,MINARM / ESTM / EPA / SHOM - Service hydrographique et océanographique de la Marine,,-,-,-,2026-06-18 09:00:00,2026-06-18 09:00:00,,-,,-,-,,-,Maintien en conditions opérationnelles et de sécurité du Digital Workplace Odyssée du Shom,(29) Finistère,(29) Finistère,(29) Finistère,,PLACE,-,Shom_26AC07,-,-,-,,,,,,,,"[2026-05-16 02:10:41] title: extracted_from_13_candidates → 'Maintien en conditions opérationnelles et de sécur...'; [2026-05-16 02:10:41] buyer: entite_achat_selected_from_9 → 'MINARM / ESTM / EPA / SHOM - Service hydrographiqu...'; [2026-05-16 02:10:41] location: with_dept_code → '(29) Finistère'; [2026-05-16 02:10:41] date_limite: date_heure_limite_plis → '18/06/2026 09:00:00'; [2026-05-16 02:10:41] cpv: found_2_codes → '72267000,72200000'; [2026-05-16 02:10:41] Extraction réussie (completude: 100%)",,2956468?orgAcronyme=g7h.html,new,,,,,PLACE_NUMERIC
EOESRI / COMUE - UdL - COMUE &quot;Université de Lyon&quot;,EOESRI / COMUE - UdL - COMUE &quot;Université de Lyon&quot;,,-,-,-,2026-06-12 12:00:00,2026-06-12 12:00:00,,-,,-,-,,-,Fourniture d'une solution de gestion pédagogique des doctorants,(69) Rhône,(69) Rhône,(69) Rhône,,PLACE,-,A2026-018,-,-,-,,,,,,,,[2026-05-16 02:10:41] title: extracted_from_13_candidates → 'Fourniture d'une solution de gestion pédagogique d...'; [2026-05-16 02:10:41] buyer: entite_achat_selected_from_7 → 'EOESRI / COMUE - UdL - COMUE &quot;Université de L...'; [2026-05-16 02:10:41] location: with_dept_code → '(69) Rhône'; [2026-05-16 02:10:41] date_limite: date_heure_limite_plis → '12/06/2026 12:00:00'; [2026-05-16 02:10:41] cpv: found_1_codes → '72260000'; [2026-05-16 02:10:41] Extraction réussie (completude: 100%),,2986378?orgAcronyme=f2h.html,new,,,,,PLACE_NUMERIC
EOESRI / SUPELEC - Centrale SUPELEC,EOESRI / SUPELEC - Centrale SUPELEC,,-,-,-,2026-06-12 12:00:00,2026-06-12 12:00:00,,-,,-,-,,-,Réalisation d’opérations comptables et assistance fonctionnelle sur le système d’information financier et comptable SIFAC/SIFAC+ (S4/HANA SAP) de CentraleSupelec,(91) Essonne,(91) Essonne,(91) Essonne,,PLACE,-,2026-005,-,-,-,,,,,,,,"[2026-05-16 02:10:41] title: extracted_from_9_candidates → 'Réalisation d’opérations comptables et assistance ...'; [2026-05-16 02:10:41] buyer: entite_achat_selected_from_7 → 'EOESRI / SUPELEC - Centrale SUPELEC'; [2026-05-16 02:10:41] location: with_dept_code → '(91) Essonne'; [2026-05-16 02:10:41] date_limite: date_heure_limite_plis → '12/06/2026 12:00:00'; [2026-05-16 02:10:41] cpv: found_2_codes → '72212440,79211100'; [2026-05-16 02:10:41] Extraction réussie (completude: 100%)",,2987833?orgAcronyme=f2h.html,new,,,,,PLACE_NUMERIC
MJL / SG / DNUM - Direction du numérique,MJL / SG / DNUM - Direction du numérique,,-,-,-,2026-06-17 14:00:00,2026-06-17 14:00:00,,-,,-,-,,-,Accord-cadre d’assistance à maîtrise d’œuvre des applications du socle transverse,Ministère de la Justice,Ministère de la Justice,Ministère de la Justice,,PLACE,-,26_AMOE_AST,-,-,-,,,,,,,,"[2026-05-16 02:10:41] title: extracted_from_13_candidates → 'Accord-cadre d’assistance à maîtrise d’œuvre des a...'; [2026-05-16 02:10:41] buyer: entite_achat_selected_from_9 → 'MJL / SG / DNUM - Direction du numérique'; [2026-05-16 02:10:41] location: longest_candidate → 'Ministère de la Justice'; [2026-05-16 02:10:41] date_limite: date_heure_limite_plis → '17/06/2026 14:00:00'; [2026-05-16 02:10:41] cpv: found_2_codes → '72267100,72227000'; [2026-05-16 02:10:41] Extraction réussie (completude: 100%)",,2990888?orgAcronyme=d3f.html,new,,,,,PLACE_NUMERIC
"Ministère de la Transition Écologique, Ministère de la Cohésion des Territoires, Ministère de la Mer","Ministère de la Transition Écologique, Ministère de la Cohésion des Territoires, Ministère de la Mer",,-,-,-,2026-06-22 12:00:00,2026-06-22 12:00:00,,-,,-,-,,-,Assistance à maîtrise d’ouvrage pour la conception et la passation de marchés publics de développement d’outils de gestion et de visualisation de données sur l’eau sur le bassin versant Marais poitevin,"(85) Vendée, (17) Charente-Maritime, (79) Deux-Sèvres","(85) Vendée, (17) Charente-Maritime, (79) Deux-Sèvres","(85) Vendée, (17) Charente-Maritime, (79) Deux-Sèvres",,PLACE,-,AOO_2026-02,-,-,-,,,,,,,,"[2026-05-16 02:10:41] title: extracted_from_13_candidates → 'Assistance à maîtrise d’ouvrage pour la conception...'; [2026-05-16 02:10:41] buyer: entite_achat_selected_from_9 → 'Ministère de la Transition Écologique, Ministère d...'; [2026-05-16 02:10:41] location: with_dept_code → '(85) Vendée, (17) Charente-Maritime, (79) Deux-Sèv...'; [2026-05-16 02:10:41] date_limite: date_heure_limite_plis → '22/06/2026 12:00:00'; [2026-05-16 02:10:41] cpv: found_3_codes → '71241000,48810000,72222000'; [2026-05-16 02:10:41] Extraction réussie (completude: 100%)",,2992873?orgAcronyme=d4t.html,new,,,,,PLACE_NUMERIC
AO / CEA / CEA / GRENOBLE - CENTRE DE GRENOBLE,AO / CEA / CEA / GRENOBLE - CENTRE DE GRENOBLE,,-,-,-,2026-06-10 16:00:00,2026-06-10 16:00:00,,-,,-,-,,-,Prestations de tierce maintenance applicative (TMA) des Logiciels Systèmes Energétiques du CEA Liten,(38) Isère,(38) Isère,(38) Isère,,PLACE,-,B26-01107-LS,-,-,-,,,,,,,,[2026-05-16 02:10:41] title: extracted_from_10_candidates → 'Prestations de tierce maintenance applicative (TMA...'; [2026-05-16 02:10:41] buyer: entite_achat_selected_from_7 → 'AO / CEA / CEA / GRENOBLE - CENTRE DE GRENOBLE'; [2026-05-16 02:10:41] location: with_dept_code → '(38) Isère'; [2026-05-16 02:10:41] date_limite: date_heure_limite_plis → '10/06/2026 16:00:00'; [2026-05-16 02:10:41] cpv: found_1_codes → '72250000'; [2026-05-16 02:10:41] Extraction réussie (completude: 100%),,2997383?orgAcronyme=s2d.html,new,,,,,PLACE_NUMERIC
EOESRI / CNRS / CNRS - DR14 - CNRS Délégation Occitanie Ouest,EOESRI / CNRS / CNRS - DR14 - CNRS Délégation Occitanie Ouest,,-,-,-,2026-06-15 12:00:00,2026-06-15 12:00:00,,-,,-,-,,-,"RFI ""Outil de connaissance et de gestion des relations extérieures du CNRS""","(75) Paris, (92) Hauts-de-Seine, (31) Haute-Garonne","(75) Paris, (92) Hauts-de-Seine, (31) Haute-Garonne","(75) Paris, (92) Hauts-de-Seine, (31) Haute-Garonne",,PLACE,-,RFI_CRM_2026-02,-,-,-,,,,,,,,"[2026-05-16 02:10:41] title: extracted_from_9_candidates → 'RFI ""Outil de connaissance et de gestion des relat...'; [2026-05-16 02:10:41] buyer: entite_achat_selected_from_7 → 'EOESRI / CNRS / CNRS - DR14 - CNRS Délégation Occi...'; [2026-05-16 02:10:41] location: with_dept_code → '(75) Paris, (92) Hauts-de-Seine, (31) Haute-Garonn...'; [2026-05-16 02:10:41] date_limite: date_heure_limite_plis → '15/06/2026 12:00:00'; [2026-05-16 02:10:41] cpv: found_1_codes → '72212445'; [2026-05-16 02:10:41] Extraction réussie (completude: 100%)",,2998043?orgAcronyme=f2h.html,new,,,,,PLACE_NUMERIC
Ville de Croissy-sur-Seine,Ville de Croissy-sur-Seine,,-,-,-,-,-,,-,EUR,-,-,,-,Infogérance du système d'information de la ville de Croissy-sur-Seine,-,-,-,,France Marchés,-,1157695,-,-,-,,,,,(obligatoire si SAD): Valeur technique - 60,,voir documents du marché.Les offres peuvent uniquement être remises électroniquement.,[2026-05-16 02:10:41] title: weborama_from_3 → 'Infogérance du système d'information de la ville d...'; [2026-05-16 02:10:41] Extraction réussie (completude: 100%),,36parisien1157695-2026-infogerance-systeme-information.html,new,,0,,,FRANCE_MARCHES
Ministère de la Justice,Ministère de la Justice,,-,-,-,-,-,,-,EUR,-,-,,-,"Cadrage, la conception, le développement, le maintien en conditions opérationnelles et de sécurité et l'assistance pour les applications composant le système d'information du Casier Judiciaire",-,-,-,,France Marchés,-,37AO26154015290520267275,-,-,-,26-32976,,72267100,"72267000, 72267100, 72267000",Description de la méthode à utiliser si la pondération ne peut être exprimée par des critères : Les critères d'attribution sont détaillés à l'article V1.2. du règlement de la consultation.,"44, 75, 80",estimée,"[2026-05-16 02:10:41] title: weborama_from_3 → 'Cadrage, la conception, le développement, le maint...'; [2026-05-16 02:10:41] Extraction réussie (completude: 100%)",Lot LOT-0001: Accord-cadre relatif à la tierce maintenance appli... (CPV 72267100),37ao26154015290520267275-2026-cadrage-conception-developpement.html,new,,1,Le présent accord-cadre est conclu pour une durée initiale de vingt-quatre (24) mois à compter de sa date de notification. il peut être reconduit deux (2à fois par périodes successives de douze (12) mois sans que sa durée n'excède quatre (4) ans.,,FRANCE_MARCHES
CNAF Établissement public,CNAF Établissement public,,-,-,-,-,-,,-,EUR,-,-,,-,"Prestations d'assistance technique, d'expertise et de conseil concernant les infrastructures, les services applicatifs et l'urbanisation du système d'information (' SI ') de la CNAF",-,-,-,,France Marchés,-,37AO26181552260520267275,-,-,-,26-39725,"References multiples: {'07_26', '2', '3', '1'}",72600000,"72600000, 72600000, 72220000, 72600000, 72220000",,75,estimée,"[2026-05-16 02:10:41] title: weborama_from_3 → 'Prestations d'assistance technique, d'expertise et...'; [2026-05-16 02:10:41] Extraction réussie (completude: 100%)",Lot LOT-0001: Assistance technique sur l'infrastructure et l'exp... (CPV 72600000),37ao26181552260520267275-2026-prestations-assistance-technique.html,new,faible,1,,,FRANCE_MARCHES
"Ministère des Armées – DNUM / Centre Spécialisé Cloud du MINARM, France entière.",Ministère des Armées – DNUM / Centre Spécialisé Cloud du MINARM,,,,,26/05/2026,26/05/2026,,66 mois,EUR,18.02 M€ HT,18.02 M€ HT,,Etat,Prestations d’assistance et d’expertise pour migration et déploiement des SI vers le cloud au profit du Centre Spécialisé Cloud du MINARM (référence interne DAF).,Val-de-Marne,Val-de-Marne,France entière,,SCRAPPING REDPOINT,Cf règlement de la consultation,DAF_2025_001001,Services,Procédure négociée,https://www.francemarches.com/appel-offre/37ao26181581260520263294-2026-prestations-assistance-expertise,26-39793,"References multiples: {'DAF_2025_001001', 'DAF_2025_00100_'}",72220000,72220000,,94,estimée,,Lot LOT-0001: CSC CLOUD... (CPV 72220000),37ao26181581260520263294-2026-prestations-assistance-expertise.html,matched,faible,1,,,-
Haute Autorité de Santé,Haute Autorité de Santé,,-,-,-,-,-,,-,EUR,-,-,,-,"Mise à disposition, adaptation et maintenance du système d'information financière destiné à la gestion budgétaire et comptable de la HAS, organisme en comptabilité budgétaire publique.",-,-,-,,France Marchés,-,3/boamp/2640079,-,-,-,26-40079,,72000000,"48442000, 72000000",,93,estimée,"[2026-05-16 02:10:41] title: weborama_from_3 → 'Mise à disposition, adaptation et maintenance du s...'; [2026-05-16 02:10:41] Extraction réussie (completude: 100%)","Lot LOT-0001: Mise à disposition, adaptation et maintenance du s... (CPV 72000000)",3boamp2640079-2026-mise-disposition-adaptation.html,new,,1,,,FRANCE_MARCHES
Direction Générale des Finances Publiques,Direction Générale des Finances Publiques,,-,-,-,-,-,,-,EUR,-,-,,-,Assistance externe pour la conduite de consultations organisées dans le cadre des dispositions du code de la commande publique pour les marchés de techniques de l'information et de la communication,-,-,-,,France Marchés,-,3/boamp/2641049,-,-,-,26-41049,"References multiples: {'Lot 1', 'DGFIP-DRS-2500077'}",72220000,72220000,,93,estimée,[2026-05-16 02:10:42] title: weborama_from_3 → 'Assistance externe pour la conduite de consultatio...'; [2026-05-16 02:10:42] Extraction réussie (completude: 100%),Lot LOT-0001: Assistance externe pour la conduite de consultatio... (CPV 72220000),3boamp2641049-2026-assistance-externe-pour.html,new,faible,1,,,FRANCE_MARCHES
VILLE de PARIS - DFA - SDA,VILLE de PARIS - DFA - SDA,,-,-,-,-,-,,-,EUR,-,-,,-,Maintien en condition opérationnelle et l'accompagnement à l'évolution des infrastructures et services numériques de la Ville de Paris et du CASVP,-,-,-,,France Marchés,-,3/boamp/2641974,-,-,-,26-41974,"References multiples: {'0', '2600517'}",72250000,72250000,,75,estimée,[2026-05-16 02:10:42] title: weborama_from_3 → 'Maintien en condition opérationnelle et l'accompag...'; [2026-05-16 02:10:42] Extraction réussie (completude: 100%),Lot LOT-0001: Maintien en condition opérationnelle et l'accompag... (CPV 72250000),3boamp2641974-2026-maintien-condition-operationnelle.html,new,faible,1,,,FRANCE_MARCHES
Région Nouvelle-Aquitaine,Région Nouvelle-Aquitaine,,-,-,-,-,-,,-,EUR,-,-,,-,ASSISTANCE EN INGENIERIE DE COORDINATION DE PROJETS DATA \\\/ INGENIERIE D'EXPERTISE DATA AU SEIN DE LA DIRECTION DU SYSTEME D'INFORMATION DE LA REGION NOUVELLE-AQUITAINE,-,-,-,,France Marchés,-,3/boamp/2642071,-,-,-,26-42071,"References multiples: {'2026I000E00723', '0'}",72220000,72220000,,33,"du contrat : L'accord-cadre est conclu pour une période initiale de 24 mois à compter de la date de notification du contrat. L'accord-cadre est reconduit tacitement jusqu'à son terme. Le nombre de périodes de reconduction est fixé à 1. La durée de chaque période de reconduction est de 24 mois. La durée maximale du contrat, toutes périodes confondues, est de 48 mois.",[2026-05-16 02:10:42] title: weborama_from_3 → 'ASSISTANCE EN INGENIERIE DE COORDINATION DE PROJET...'; [2026-05-16 02:10:42] Extraction réussie (completude: 100%),Lot LOT-0001: ASSISTANCE EN INGENIERIE DE COORDINATION DE PROJET... (CPV 72220000),3boamp2642071-2026-assistance-ingenierie-coordination.html,new,faible,1,,,FRANCE_MARCHES
Association ASF Vacances,Association ASF Vacances,,-,-,-,-,-,,-,EUR,-,-,,-,Acquisition et mise en œuvre d'une solution ERP en mode SaaS avec site web marchand et application mobile,-,-,-,,France Marchés,-,3/boamp/2642106,-,-,-,26-42106,"References multiples: {'202606_2', '202606_1', 'PPP1J3-88/6031/202606'}",72000000,"72000000, 72000000",,93,estimée,[2026-05-16 02:10:42] title: weborama_from_3 → 'Acquisition et mise en œuvre d'une solution ERP en...'; [2026-05-16 02:10:42] Extraction réussie (completude: 100%),Lot LOT-0001: Lot 1: A- Solution (ERP) métier : Gestion Vacances... (CPV 72000000),3boamp2642106-2026-acquisition-mise-oeuvre.html,new,faible,1,,,FRANCE_MARCHES
SICIO,SICIO,,-,-,-,-,-,,-,EUR,-,-,,-,Renouvellement et maintenance des serveurs de sauvegarde et prestations associées,-,-,-,,France Marchés,-,3/boamp/2642682,-,-,-,26-42682,"References multiples: {'2026M01 LOT 1', '2026M01 LOT 2'}; Somme lots (800.0) != global (1.025)",72250000,"72250000, 72250000",,94,estimée,[2026-05-16 02:10:42] title: weborama_from_3 → 'Renouvellement et maintenance des serveurs de sauv...'; [2026-05-16 02:10:42] Extraction réussie (completude: 100%),Lot LOT-0001: Fourniture de la plateforme de sauvegarde.... (CPV 72250000),3boamp2642682-2026-renouvellement-maintenance-serveurs.html,new,faible,1,,,FRANCE_MARCHES
ACADEMIE FRANCAISE,ACADEMIE FRANCAISE,,-,-,-,-,-,,-,EUR,-,-,,-,REFONTE DU SITE INTERNET DE L'ACADEMIE FRANCAISE - HEBERGEMENT - MAINTENANCE,-,-,-,,France Marchés,-,3/boamp/2643374,-,-,-,26-43374,,,,,"75, 77, 78, 91, 92, 93, 94, 95",du marché (en mois) :,[2026-05-16 02:10:42] title: weborama_from_3 → 'REFONTE DU SITE INTERNET DE L'ACADEMIE FRANCAISE -...'; [2026-05-16 02:10:42] Extraction réussie (completude: 100%),,3boamp2643374-2026-refonte-site-internet.html,new,,0,,,FRANCE_MARCHES
GCS-UNIHA,GCS-UNIHA,,-,-,-,-,-,,-,EUR,-,-,,-,Prestations de services informatiques pour le développement et la maintenance des outils informatiques du GCS UniHA,-,-,-,,France Marchés,-,3/boamp/2643609,-,-,-,26-43609,"References multiples: {'LOT 1', 'M_3530', 'LOT 2'}",72200000,"72261000, 72200000, 72262000, 72200000, 72262000","Cout: 40%, Technique: 60%",69,estimée,[2026-05-16 02:10:42] title: weborama_from_3 → 'Prestations de services informatiques pour le déve...'; [2026-05-16 02:10:42] Extraction réussie (completude: 100%),"Lot LOT-0001: Prestations de développement informatique Webdev, ... (CPV 72200000)",3boamp2643609-2026-prestations-services-informatiques.html,new,faible,1,,,FRANCE_MARCHES
Organisation qui passe un marché subventionné par un pouvoir adjudicateur,Organisation qui passe un marché subventionné par un pouvoir adjudicateur,,-,-,-,-,-,,-,EUR,-,-,,-,"Prestations de conseil, de collecte, de développement, d'exploitation de données pour le Data Office",-,-,-,,France Marchés,-,3/boamp/2644098,-,-,-,26-44098,,72600000,72600000,,75,estimée,"[2026-05-16 02:10:42] title: weborama_from_3 → 'Prestations de conseil, de collecte, de développem...'; [2026-05-16 02:10:42] Extraction réussie (completude: 100%)","Lot LOT-0001: Prestations de conseil, de collecte, de développem... (CPV 72600000)",3boamp2644098-2026-prestations-conseil-collecte.html,new,,1,,,FRANCE_MARCHES
INSTITUT FRANCAIS DUCHEVAL ET DE L'EQUITATION,INSTITUT FRANCAIS DUCHEVAL ET DE L'EQUITATION,,-,-,-,-,-,,-,EUR,-,-,,-,"Assistance à maîtrise d'oeuvre : prestations d'expertise, de développements informatiques et d'assistance technique",-,-,-,,France Marchés,-,3/boamp/2644226,-,-,-,26-44226,"References multiples: {'2026-22', '2026-22 - lot 5', '2026-22 - lot 6', '2026-22 - lot 3', '2026-22 - lot 4', '2026-22 - lot 2'}",72500000,"72500000, 72500000, 72500000, 72500000, 72500000, 72500000",,"19, 49",estimée,[2026-05-16 02:10:42] title: weborama_from_3 → 'Assistance à maîtrise d'oeuvre : prestations d'exp...'; [2026-05-16 02:10:42] Extraction réussie (completude: 100%),Lot LOT-0001: Lot 1 : Assistance à maîtrise d'oeuvre : prestatio... (CPV 72500000),3boamp2644226-2026-assistance-maitrise-oeuvre.html,new,faible,1,,,FRANCE_MARCHES
Bureau de Recherche en Géologie Minière (BRGM),Bureau de Recherche en Géologie Minière (BRGM),,-,-,-,-,-,,-,EUR,-,-,,-,TMA - TME DU SYSTEME D'INFORMATION DU DPSM,-,-,-,,France Marchés,-,3/boamp/2644837,-,-,-,26-44837,"References multiples: {'HADPSM260413', 'S-PF-1816545'}",72610000,"72610000, 72610000, 72610000",,45,estimée,[2026-05-16 02:10:42] title: weborama_from_3 → 'TMA - TME DU SYSTEME D'INFORMATION DU DPSM'; [2026-05-16 02:10:42] Extraction réussie (completude: 100%),Lot LOT-0000: TMA - TME DU SYSTEME D'INFORMATION DU DPSM... (CPV 72610000),3boamp2644837-2026-systeme-information-dpsm.html,new,faible,1,,,FRANCE_MARCHES
2026-04,2026-04,,-,-,-,-,-,,-,EUR,-,-,,-,Le présent marché a pour objet des prestations de maintien en condition opérationnelle de l'architecture technique de stockage de données et virtualisation de la HAS et des prestations associées.,-,-,-,,France Marchés,-,3/boamp/2646966,-,-,-,26-46966,,72000000,"72250000, 72267100, 72000000, 72250000, 72267100",,93,estimée,[2026-05-16 02:10:42] title: weborama_from_3 → 'Le présent marché a pour objet des prestations de ...'; [2026-05-16 02:10:42] Extraction réussie (completude: 100%),Lot LOT-0001: PRESTATIONS DE SUPPORT ET MAINTENANCE LOGICIEL... (CPV 72000000),3boamp2646966-2026-present-marche-pour?q=72200000.html,new,,1,"Le marché est conclu pour une période de 12 mois à compter de sa date de notification. A la date anniversaire du marché, la durée pourra être reconduit tacitement 03 fois pour une durée de 12 mois, soit une durée totale de 48 mois.",,FRANCE_MARCHES
Syndicat des énergies et de l'aménagement numérique de la Haute-Savoie (SYANE),Syndicat des énergies et de l'aménagement numérique de la Haute-Savoie (SYANE),,-,-,-,-,-,,-,EUR,-,-,,-,MISSIONS D'INFOGERANCE DE SYSTEMES D'INFORMATION,-,-,-,,France Marchés,-,3/boamp/2647530,-,-,-,26-47530,"References multiples: {'MS26084', 'S-PF-1820242'}",72514000,"72500000, 72610000, 72514000, 72500000, 72610000",,74,estimée,[2026-05-16 02:10:43] title: weborama_from_3 → 'MISSIONS D'INFOGERANCE DE SYSTEMES D'INFORMATION'; [2026-05-16 02:10:43] Extraction réussie (completude: 100%),Lot LOT-0000: MISSIONS D'INFOGERANCE DE SYSTEMES D'INFORMATION... (CPV 72514000),3boamp2647530-2026-missions-infogerance-systemes?q=72200000.html,new,faible,1,,,FRANCE_MARCHES
Tribunal admnistratif Cergy-Pontoise,Tribunal admnistratif Cergy-Pontoise,,-,-,-,-,-,,-,EUR,-,-,,-,MIse en place d'un outil conversationnel (chatbot).,-,-,-,,France Marchés,-,3/boamp/2647639,-,-,-,26-47639,,72000000,72000000,,92,maximum : 4 ans,[2026-05-16 02:10:43] title: weborama_from_3 → 'MIse en place d'un outil conversationnel (chatbot)...'; [2026-05-16 02:10:43] Extraction réussie (completude: 100%),Lot LOT-0001: Mise en place d’un outil conversationnel (chatbot)... (CPV 72000000),3boamp2647639-2026-mise-place-outil?q=72200000.html,new,,1,Reconduction par périodes d’un an. Durée maximum : 4 ans,,FRANCE_MARCHES
SPL P.A.R.S.E.F,SPL P.A.R.S.E.F,,-,-,-,-,-,,-,EUR,-,-,,-,Prestation IT : Réseau \\\/ Cloud \\\/ Sécurité,-,-,-,,France Marchés,-,3/boamp/2648308,-,-,-,26-48308,,,,Critères énoncés dans les documents de la consultation,77,du marché (en mois) :,[2026-05-16 02:10:43] title: weborama_from_3 → 'Prestation IT : Réseau \\\/ Cloud \\\/ Sécurité'; [2026-05-16 02:10:43] Extraction réussie (completude: 100%),,3boamp2648308-2026-prestation-reseau-cloud?q=72200000.html,new,,0,,,FRANCE_MARCHES
"Ministère des Armées – DNUM / Centre Spécialisé Cloud du MINARM, France entière.",Ministère des Armées – DNUM / Centre Spécialisé Cloud du MINARM,,,,,26/05/2026,26/05/2026,,66 mois,EUR,18.02 M€ HT,18.02 M€ HT,,Etat,Prestations d’assistance et d’expertise pour migration et déploiement des SI vers le cloud au profit du Centre Spécialisé Cloud du MINARM (référence interne DAF).,Val-de-Marne,Val-de-Marne,France entière,,SCRAPPING REDPOINT,Cf règlement de la consultation,DAF_2025_001001,Services,Procédure négociée,https://www.francemarches.com/appel-offre/37ao26181581260520263294-2026-prestations-assistance-expertise,26-39793,"References multiples: {'DAF_2025_001001', 'DAF_2025_00100_'}",72220000,72220000,,94,estimée,,Lot LOT-0001: CSC CLOUD... (CPV 72220000),37ao26181581260520263294-2026-prestations-assistance-expertise.html,matched,faible,1,,,-
Compagnie Nationale du Rhône,Compagnie Nationale du Rhône,,-,-,-,2026-06-10 00:00:00,2026-06-10 00:00:00,,-,,-,-,,-,Accord-cadre Infrastructure hyperconvergée et VDI (Virtual Desktop Infrastructure),Lyon (69004) - Rhône (FRK26),Lyon (69004) - Rhône (FRK26),Lyon (69004) - Rhône (FRK26),,Marchés Online,-,DDA,-,-,-,,,,,,,,"[2026-05-16 02:10:43] title: h1_title_long_from_3_candidates → 'Accord-cadre Infrastructure hyperconvergée et VDI ...'; [2026-05-16 02:10:43] buyer: company_link_from_3_candidates → 'Compagnie Nationale du Rhône'; [2026-05-16 02:10:43] location: section_5_lieu → 'Lyon (69004) - Rhône (FRK26)'; [2026-05-16 02:10:43] date_limite: limite_visible_%d/%m/%Y → '10/06/2026'; [2026-05-16 02:10:43] cpv: found_8_codes → '72600000,72263000,48820000'; [2026-05-16 02:10:43] procedure_type: section_2 → 'Négociée avec publication préalable d'un appel à l...'; [2026-05-16 02:10:43] Extraction partielle (completude: 67%)",,DDA.html,new,,,,,MARCHES_ONLINE
Le Muretain Agglo,Le Muretain Agglo,,-,-,-,2026-06-02 00:00:00,2026-06-02 00:00:00,,-,,-,-,,-,"Renouvellement du système d'information, virtualisation de serveurs, plateforme de stockage et système de sauvegarde",MURET Cedex (31601) - Haute-Garonne ( FRJ23 ),MURET Cedex (31601) - Haute-Garonne ( FRJ23 ),MURET Cedex (31601) - Haute-Garonne ( FRJ23 ),,Marchés Online,-,Lot,-,-,-,,,,,,,,"[2026-05-16 02:10:43] title: h1_title_long_from_3_candidates → 'Renouvellement du système d'information, virtualis...'; [2026-05-16 02:10:43] buyer: company_link_from_4_candidates → 'Le Muretain Agglo'; [2026-05-16 02:10:43] location: section_5_lieu → 'MURET Cedex (31601) - Haute-Garonne ( FRJ23 )'; [2026-05-16 02:10:43] date_limite: limite_visible_%d/%m/%Y → '02/06/2026'; [2026-05-16 02:10:43] cpv: found_11_codes → '48800000,48822000,51611100'; [2026-05-16 02:10:43] procedure_type: section_2 → 'Ouverte'; [2026-05-16 02:10:43] contract_nature: section_2_or_5 → 'Fournitures'; [2026-05-16 02:10:43] duree_mois: section_5_1_3_structured → '5 ans = 60 mois'; [2026-05-16 02:10:43] Lots: LOT-0001 (5 ans); [2026-05-16 02:10:43] Extraction partielle (completude: 67%)",,Lot.html,new,,,,,MARCHES_ONLINE
GCS-UNIHA,GCS-UNIHA,,-,-,-,-,-,,-,EUR,-,-,,-,Prestations de services informatiques pour le développement et la maintenance des outils informatiques du GCS UniHA,-,-,-,,France Marchés,-,3/boamp/2643609,-,-,-,26-43609,"References multiples: {'LOT 1', 'M_3530', 'LOT 2'}",72200000,"72261000, 72200000, 72262000, 72200000, 72262000","Cout: 40%, Technique: 60%",69,estimée,[2026-05-16 02:10:43] title: weborama_from_2 → 'Prestations de services informatiques pour le déve...'; [2026-05-16 02:10:43] Extraction réussie (completude: 100%),"Lot LOT-0001: Prestations de développement informatique Webdev, ... (CPV 72200000)",M_3530.html,new,faible,1,,,FRANCE_MARCHES
Etablissement Public du Parc et de la Grande Halle de la Villette (EPPGHV),Etablissement Public du Parc et de la Grande Halle de la Villette (EPPGHV),,-,-,-,2026-06-01 00:00:00,2026-06-01 00:00:00,,-,,660000.0,660000.0,,-,"Marché de prestations de maintenance d'assistance et d'infogérance du parc informatique, réseau et télécom de l'EPPGHV..",Paris (75019) - Paris ( FR101 ),Paris (75019) - Paris ( FR101 ),Paris (75019) - Paris ( FR101 ),,Marchés Online,-,MO-9594452,-,-,-,,,,,,,,"[2026-05-16 02:10:43] title: h1_title_long_from_4_candidates → 'Marché de prestations de maintenance d'assistance ...'; [2026-05-16 02:10:43] buyer: company_link_from_4_candidates → 'Etablissement Public du Parc et de la Grande Halle...'; [2026-05-16 02:10:43] fonction_publique: forme_droit_public → 'etat'; [2026-05-16 02:10:43] location: section_5_lieu → 'Paris (75019) - Paris ( FR101 )'; [2026-05-16 02:10:43] date_limite: limite_visible_%d/%m/%Y → '01/06/2026'; [2026-05-16 02:10:43] cpv: found_12_codes → '72500000,72610000,72611000'; [2026-05-16 02:10:43] procedure_type: section_2 → 'Ouverte'; [2026-05-16 02:10:43] contract_nature: section_2_or_5 → 'Services'; [2026-05-16 02:10:43] duree_mois: section_5_1_3_structured → '4 ans = 48 mois'; [2026-05-16 02:10:43] estimation_eur: section_5_1_5_valeur_estimee → '660000 EUR'; [2026-05-16 02:10:43] Lots: LOT-0001 (4 ans) est=660000EUR max=160000EUR; [2026-05-16 02:10:43] Valeur estimée: 660000 EUR; [2026-05-16 02:10:43] Extraction réussie (completude: 100%)",,ao-9594452-1.html,new,,,,,MARCHES_ONLINE
GCS UNIHA,GCS UNIHA,,-,-,-,2026-06-02 00:00:00,2026-06-02 00:00:00,,-,,900000.0,900000.0,,-,Prestations de services informatiques pour le développement et la maintenance des outils informatiques.,LYON (69003) - Rhône ( FRK26 ),LYON (69003) - Rhône ( FRK26 ),LYON (69003) - Rhône ( FRK26 ),,Marchés Online,-,MO-9596025,-,-,-,,,,,,,,"[2026-05-16 02:10:43] title: h1_title_long_from_4_candidates → 'Prestations de services informatiques pour le déve...'; [2026-05-16 02:10:43] buyer: company_link_from_4_candidates → 'GCS UNIHA'; [2026-05-16 02:10:43] fonction_publique: activite_sante → 'hospitaliere'; [2026-05-16 02:10:43] location: section_5_lieu → 'LYON (69003) - Rhône ( FRK26 )'; [2026-05-16 02:10:43] date_limite: limite_visible_%d/%m/%Y → '02/06/2026'; [2026-05-16 02:10:43] cpv: found_9_codes → '33011143,72200000,72261000'; [2026-05-16 02:10:43] procedure_type: section_2 → 'Ouverte'; [2026-05-16 02:10:43] contract_nature: section_2_or_5 → 'Services'; [2026-05-16 02:10:43] duree_mois: section_5_1_3_structured → '4 ans = 48 mois'; [2026-05-16 02:10:43] estimation_eur: section_2_1_3_global → '900000 EUR'; [2026-05-16 02:10:43] Lots: LOT-0001 (4 ans) max=400000EUR; LOT-0002 (4 ans) max=500000EUR; [2026-05-16 02:10:43] Valeur globale accord-cadre: 900000 EUR; [2026-05-16 02:10:43] Extraction réussie (completude: 100%)",,ao-9596025-2.html,new,,,,,MARCHES_ONLINE
Centre Morbihan Communauté,Centre Morbihan Communauté,,-,-,-,2026-06-02 00:00:00,2026-06-02 00:00:00,,-,,450000.0,450000.0,,-,"Fourniture, mise en oeuvre et maintien en condition opérationnelle de l'infrastructure informatique de CMC.",LOCMINE CEDEX (56503) - Morbihan ( FRH04 ),LOCMINE CEDEX (56503) - Morbihan ( FRH04 ),LOCMINE CEDEX (56503) - Morbihan ( FRH04 ),,Marchés Online,-,MO-9597280,-,-,-,,,,,,,,"[2026-05-16 02:10:43] title: h1_title_long_from_4_candidates → 'Fourniture, mise en oeuvre et maintien en conditio...'; [2026-05-16 02:10:43] buyer: company_link_from_4_candidates → 'Centre Morbihan Communauté'; [2026-05-16 02:10:43] location: section_5_lieu → 'LOCMINE CEDEX (56503) - Morbihan ( FRH04 )'; [2026-05-16 02:10:43] date_limite: limite_visible_%d/%m/%Y → '02/06/2026'; [2026-05-16 02:10:43] cpv: found_10_codes → '72222300,72222300,48000000'; [2026-05-16 02:10:43] procedure_type: section_2 → 'Ouverte'; [2026-05-16 02:10:43] contract_nature: section_2_or_5 → 'Services'; [2026-05-16 02:10:43] duree_mois: section_5_1_3_structured → '48 mois = 48 mois'; [2026-05-16 02:10:43] estimation_eur: section_2_1_3_global → '450000 EUR'; [2026-05-16 02:10:43] Lots: LOT-0001 (48 mois) max=450000EUR; [2026-05-16 02:10:43] Valeur globale accord-cadre: 450000 EUR; [2026-05-16 02:10:43] Extraction réussie (completude: 100%)",,ao-9597280-1.html,new,,,,,MARCHES_ONLINE
ESADMM,ESADMM,,-,-,-,2026-05-29 00:00:00,2026-05-29 00:00:00,,-,EUR,-,-,,-,Infogérance du système d'information de l'INSEAMM.,13 - MARSEILLE,13 - MARSEILLE,13 - MARSEILLE,,Marchés Online,-,de,-,-,-,26-41450,,72500000,"72610000, 72611000, 72600000, 72500000, 72610000, 72611000, 72600000",,"75, 77, 91, 92, 93, 94, 95",estimée,"[2026-05-16 02:10:43] title: h1_title_long_from_4_candidates → 'Infogérance du système d'information de l'INSEAMM.'; [2026-05-16 02:10:43] buyer: company_link_from_2_candidates → 'ESADMM'; [2026-05-16 02:10:43] location: info_block → '13 - MARSEILLE'; [2026-05-16 02:10:43] date_limite: limite_visible_%d/%m/%Y → '29/05/2026'; [2026-05-16 02:10:43] cpv: found_4_codes → '20002920,72500000,72500000'; [2026-05-16 02:10:43] procedure_type: section_2 → 'Procédure adaptée ouverte'; [2026-05-16 02:10:43] Extraction partielle (completude: 67%)",Lot LOT-0001: MARCHE DE PRESTATIONS DE MAINTENANCE D'ASSISTANCE ... (CPV 72500000),de.html,new,,1,"Offre de base : le marché est conclu pour 1 an ferme, reconduit tacitement trois (3) fois pour une durée d'un an (1) sans que sa durée totale n'excède quatre (4) ans. Offre variante exigée : le marché est conclu pour une durée ferme de 48 mois.",,MARCHES_ONLINE
