Référence,Intitulé synthétique,Type d'AO,Type,Fonction publique,Acheteur_auto,Acheteur_manual,Acheteur_clean,Localisation_auto,Localisation_manual,Localisation,Localisation_clean,Date_limite_auto,Date_limite_manual,Date limite de remise des offres,Durée initiale du marché,Reconduction(s),Estimation_auto,Estimation_manual,Estimation du marché,URL source HTTPS,Plateforme,match_status,match_source,review_needed,extraction_notes,Colonne 1,Colonne 2,Column 29,source_type,categorie_regime,preuve_regime,typologie_marche_verifiee,preuve_typologie,qualite_preuve_procedure,conflit_detecte,type_conflit,preuve_joue_detectee,source_preuve_joue,famille_procedure_deduite,niveau_procedure_deduit,justification_juridique_courte,seuil_formalise_applicable,code_couleur_procedure
PPP1E2-3001/6300/2026031-S,Mise à disposition et gestion du workplace IT Enregistrer cet appel d’offre Localisation : Liège Date de clotûre,-,-,-,"Conseil d'Etat Numéro d’enregistrement : BE 0931814266 Adresse postale : rue de la Science, 33 Ville : BRUXELLES Code postal : 1040 Subdivision pays (NUTS) : Arr",,"Conseil d'Etat Numéro d’enregistrement : BE 0931814266 Adresse postale : rue de la Science, 33 Ville : BRUXELLES Code postal : 1040 Subdivision pays (NUTS) : Arr",J’ai lu et j’accepte les,,J’ai lu et j’accepte les,J’ai lu et j’accepte les,-,,-,-,-,-,,-,https://www.francemarches.com/appel-offre/,France Marchés,new,13joue002671162026-2026-mise-disposition-gestion.html,,"title: editorial_header -> accepted score=70 value='Mise à disposition et gestion du workplace IT Enregistrer cet appel d’offre Localisation : Liège Date de clotûre'; title: legal_text_title -> rejected score=40 value='' reason=empty; title: description_short -> rejected score=10 value='' reason=empty; buyer: editorial_buyer_block -> rejected score=30 value='' reason=empty; buyer: legal_nom_complet -> rejected score=40 value='' reason=empty; buyer: legal_nom_officiel -> accepted score=50 value='RESA Innovation et Technologie SA en son nom et pour compte de RESA SA Intercommunale'; buyer: nom_officiel_collectivite -> accepted score=70 value=""Conseil d'Etat Numéro d’enregistrement : BE 0931814266 Adresse postale : rue de la Science, 33 Ville : BRUXELLES Code postal : 1040 Subdivision pays (NUTS) : Arr""",-,-,-,FRANCE_MARCHES,marches_ordinaires,Aucun marqueur défense/sécurité détecté,indetermine,Aucun indice typologique clair,ABSENTE,non,,non,,INDETERMINE,INDETERMINE,Aucune preuve,,INDETERMINE
UNICANCER/2026/RD029,Fourniture d'une prestation de service relative à la gestion des activités de data management et la gestion des activités de biostatistiques à visée d'enregistrements auprès… Enregistrer cet appel d’offre Localisation : Paris (75) Date de clotûre,-,-,-,UNICANCER ACHATS Numéro d’enregistrement : 31455913900014 Adresse postale : 101 rue de Tolbiac Ville : Paris Code postal : 75013 Subdivision pays (NUTS) : Paris ( FR101 ) Pays : France Adresse électronique : s-elhimdi@unicancer,,UNICANCER ACHATS Numéro d’enregistrement : 31455913900014 Adresse postale : 101 rue de Tolbiac Ville : Paris Code postal : 75013 Subdivision pays (NUTS) : Paris ( FR101 ) Pays : France Adresse électronique : s-elhimdi@unicancer,J’ai lu et j’accepte les,,J’ai lu et j’accepte les,J’ai lu et j’accepte les,2026-05-18 12:00:00,,2026-05-18 12:00:00,-,-,-,,-,https://www.francemarches.com/appel-offre/,France Marchés,new,13joue002708922026-2026-fourniture-prestation-service.html,,"title: editorial_header -> accepted score=70 value=""Fourniture d'une prestation de service relative à la gestion des activités de data management et la gestion des activités de biostatistiques à visée d'enregistrements auprès… Enregistrer cet appel d’offre Localisation : Paris (75) Date de clotûre""; title: legal_text_title -> rejected score=40 value='' reason=empty; title: description_short -> rejected score=10 value='' reason=empty; buyer: editorial_buyer_block -> rejected score=30 value='' reason=empty; buyer: legal_nom_complet -> rejected score=40 value='' reason=empty; buyer: legal_nom_officiel -> accepted score=45 value='UNICANCER ACHATS'; buyer: nom_officiel_collectivite -> accepted score=70 value='UNICANCER ACHATS Numéro d’enregistrement : 31455913900014 Adresse postale : 101 rue de Tolbiac Ville : Paris Code postal : 75013 Subdivision pays (NUTS) : Paris ( FR101 ) Pays : France Adresse électronique : s-elhimdi@unicancer'",-,-,-,FRANCE_MARCHES,marches_ordinaires,Aucun marqueur défense/sécurité détecté,indetermine,Aucun indice typologique clair,ABSENTE,non,,non,,INDETERMINE,INDETERMINE,Aucune preuve,,INDETERMINE
13joue002845752026-2026-marche-prestations-maintenance,-,-,-,-,1.1,,1.1,-,,-,-,-,,-,-,-,62000000.0,,62000000.0,-,BOAMP,new,13joue002845752026-2026-marche-prestations-maintenance.html,,title: label_titre -> rejected score=40 value='' reason=empty; buyer: label_nom_officiel -> rejected score=40 value='' reason=empty; buyer: label_acheteur -> accepted score=30 value='1.1',-,-,-,BOAMP_XML,marches_ordinaires,Aucun marqueur défense/sécurité détecté,indetermine,Aucun indice typologique clair,ABSENTE,non,,non,,INDETERMINE,INDETERMINE,Aucune preuve,,INDETERMINE
13joue002850982026-2026-accord-cadre-bons,-,-,-,-,1.1,,1.1,-,,-,-,-,,-,-,-,-,,-,-,BOAMP,new,13joue002850982026-2026-accord-cadre-bons.html,,title: label_titre -> rejected score=40 value='' reason=empty; buyer: label_nom_officiel -> rejected score=40 value='' reason=empty; buyer: label_acheteur -> accepted score=30 value='1.1',-,-,-,BOAMP_XML,marches_ordinaires,Aucun marqueur défense/sécurité détecté,indetermine,Aucun indice typologique clair,ABSENTE,non,,non,,INDETERMINE,INDETERMINE,Aucune preuve,,INDETERMINE
PW-KG/26-010,"Marché public relatif à la mise à disposition d'un système ERP intégré portant sur la gestion financière, les ressources humaines et les composants annexes Enregistrer cet appel d’offre Localisation : Date de clotûre",-,-,-,Parlement Wallon Numéro d’enregistrement : 0931814167_2538 Adresse postale : Square Arthur Masson n°6 Ville : Namur Code postal : 5000 Subdivision pays (NUTS) : Arr,,Parlement Wallon Numéro d’enregistrement : 0931814167_2538 Adresse postale : Square Arthur Masson n°6 Ville : Namur Code postal : 5000 Subdivision pays (NUTS) : Arr,J’ai lu et j’accepte les,,J’ai lu et j’accepte les,J’ai lu et j’accepte les,2026-06-08 11:00:00,,2026-06-08 11:00:00,-,-,-,,-,https://www.francemarches.com/appel-offre/,France Marchés,new,13joue002925532026-2026-marche-public-relatif.html,,"title: editorial_header -> accepted score=70 value=""Marché public relatif à la mise à disposition d'un système ERP intégré portant sur la gestion financière, les ressources humaines et les composants annexes Enregistrer cet appel d’offre Localisation : Date de clotûre""; title: legal_text_title -> rejected score=40 value='' reason=empty; title: description_short -> rejected score=10 value='' reason=empty; buyer: editorial_buyer_block -> rejected score=30 value='' reason=empty; buyer: legal_nom_complet -> rejected score=40 value='' reason=empty; buyer: legal_nom_officiel -> accepted score=45 value='Parlement Wallon'; buyer: nom_officiel_collectivite -> accepted score=70 value='Parlement Wallon Numéro d’enregistrement : 0931814167_2538 Adresse postale : Square Arthur Masson n°6 Ville : Namur Code postal : 5000 Subdivision pays (NUTS) : Arr'",-,-,-,FRANCE_MARCHES,marches_ordinaires,Aucun marqueur défense/sécurité détecté,indetermine,Aucun indice typologique clair,ABSENTE,non,,non,,INDETERMINE,INDETERMINE,Aucune preuve,,INDETERMINE
13joue002929142026-2026-accompagnement-convergence-systemes,-,-,-,-,1.1,,1.1,-,,-,-,-,,-,-,-,40000000.0,,40000000.0,-,BOAMP,new,13joue002929142026-2026-accompagnement-convergence-systemes.html,,title: label_titre -> rejected score=40 value='' reason=empty; buyer: label_nom_officiel -> rejected score=40 value='' reason=empty; buyer: label_acheteur -> accepted score=30 value='1.1',-,-,-,BOAMP_XML,marches_ordinaires,Aucun marqueur défense/sécurité détecté,indetermine,Aucun indice typologique clair,ABSENTE,non,,non,,INDETERMINE,INDETERMINE,Aucune preuve,,INDETERMINE
2026/DARC/03,"Marché pour la maintenance applicative, corrective et évolutive du site internet Culturethèque (et toutes ses fonctionnalités) et pour l'hébergement Enregistrer cet appel d’offre Localisation : Paris (75) Date de clotûre",-,-,-,Institut Français Numéro d’enregistrement : 52971592200025 Adresse postale : 40 rue de la folie regnault Ville : Paris Code postal : 75015 Subdivision pays (NUTS) : Paris ( FR101 ) Pays : France Adresse électronique : maria,,Institut Français Numéro d’enregistrement : 52971592200025 Adresse postale : 40 rue de la folie regnault Ville : Paris Code postal : 75015 Subdivision pays (NUTS) : Paris ( FR101 ) Pays : France Adresse électronique : maria,J’ai lu et j’accepte les,,J’ai lu et j’accepte les,J’ai lu et j’accepte les,2026-06-08 12:00:00,,2026-06-08 12:00:00,-,-,-,,-,https://www.francemarches.com/appel-offre/,France Marchés,new,13joue002939872026-2026-marche-pour-maintenance.html,,"title: editorial_header -> accepted score=70 value=""Marché pour la maintenance applicative, corrective et évolutive du site internet Culturethèque (et toutes ses fonctionnalités) et pour l'hébergement Enregistrer cet appel d’offre Localisation : Paris (75) Date de clotûre""; title: legal_text_title -> rejected score=40 value='' reason=empty; title: description_short -> rejected score=10 value='' reason=empty; buyer: editorial_buyer_block -> rejected score=30 value='' reason=empty; buyer: legal_nom_complet -> rejected score=40 value='' reason=empty; buyer: legal_nom_officiel -> accepted score=45 value='Institut Français'; buyer: nom_officiel_collectivite -> accepted score=70 value='Institut Français Numéro d’enregistrement : 52971592200025 Adresse postale : 40 rue de la folie regnault Ville : Paris Code postal : 75015 Subdivision pays (NUTS) : Paris ( FR101 ) Pays : France Adresse électronique : maria'",-,-,-,FRANCE_MARCHES,marches_ordinaires,Aucun marqueur défense/sécurité détecté,indetermine,Aucun indice typologique clair,ABSENTE,non,,non,,INDETERMINE,INDETERMINE,Aucune preuve,,INDETERMINE
PM BROKER 26-15,"La continuité, l'exploitation, l'hébergement , la maintenance et le développement de la plateforme de notification eTOD Enregistrer cet appel d’offre Localisation : Date de clotûre",-,-,-,Institut géographique national Numéro d’enregistrement : 0216755012_35 Adresse postale : avenue de Cortenbergh 115 Ville : Bruxelles Code postal : 1000 Subdivision pays (NUTS) : Arr,,Institut géographique national Numéro d’enregistrement : 0216755012_35 Adresse postale : avenue de Cortenbergh 115 Ville : Bruxelles Code postal : 1000 Subdivision pays (NUTS) : Arr,J’ai lu et j’accepte les,,J’ai lu et j’accepte les,J’ai lu et j’accepte les,2026-06-15 14:00:00,,2026-06-15 14:00:00,-,-,-,,-,https://www.francemarches.com/appel-offre/,France Marchés,new,13joue002946202026-2026-continuite-exploitation-hebergement?q=h%C3%A9bergement web.html,,"title: editorial_header -> accepted score=70 value=""La continuité, l'exploitation, l'hébergement , la maintenance et le développement de la plateforme de notification eTOD Enregistrer cet appel d’offre Localisation : Date de clotûre""; title: legal_text_title -> rejected score=40 value='' reason=empty; title: description_short -> rejected score=10 value='' reason=empty; buyer: editorial_buyer_block -> rejected score=30 value='' reason=empty; buyer: legal_nom_complet -> rejected score=40 value='' reason=empty; buyer: legal_nom_officiel -> accepted score=50 value='Institut géographique national'; buyer: nom_officiel_collectivite -> accepted score=70 value='Institut géographique national Numéro d’enregistrement : 0216755012_35 Adresse postale : avenue de Cortenbergh 115 Ville : Bruxelles Code postal : 1000 Subdivision pays (NUTS) : Arr'",-,-,-,FRANCE_MARCHES,marches_ordinaires,Aucun marqueur défense/sécurité détecté,indetermine,Aucun indice typologique clair,ABSENTE,non,,non,,INDETERMINE,INDETERMINE,Aucune preuve,,INDETERMINE
13joue002946822026-2026-renouvellement-maintenance-serveurs,-,-,-,-,1.1,,1.1,-,,-,-,-,,-,-,-,102500000.0,,102500000.0,-,BOAMP,new,13joue002946822026-2026-renouvellement-maintenance-serveurs.html,,title: label_titre -> rejected score=40 value='' reason=empty; buyer: label_nom_officiel -> rejected score=40 value='' reason=empty; buyer: label_acheteur -> accepted score=30 value='1.1',-,-,-,BOAMP_XML,marches_ordinaires,Aucun marqueur défense/sécurité détecté,indetermine,Aucun indice typologique clair,ABSENTE,non,,non,,INDETERMINE,INDETERMINE,Aucune preuve,,INDETERMINE
DDA 26-022,Accord-cadre Infrastructure hyperconvergée et VDI (Virtual Desktop Infrastructure) Enregistrer cet appel d’offre Localisation : Rhône (69) - Lyon Date de clotûre,-,-,-,Compagnie Nationale du Rhône,,Compagnie Nationale du Rhône,Direction des Achats,,Direction des Achats,Direction des Achats,-,,-,-,-,-,,-,https://www.francemarches.com/appel-offre/,France Marchés,new,13joue003036002026-2026-accord-cadre-infrastructure.html,,title: editorial_header -> accepted score=70 value='Accord-cadre Infrastructure hyperconvergée et VDI (Virtual Desktop Infrastructure) Enregistrer cet appel d’offre Localisation : Rhône (69) - Lyon Date de clotûre'; title: legal_text_title -> rejected score=40 value='' reason=empty; title: description_short -> rejected score=10 value='' reason=empty; buyer: editorial_buyer_block -> rejected score=30 value='' reason=empty; buyer: legal_nom_complet -> rejected score=40 value='' reason=empty; buyer: legal_nom_officiel -> accepted score=50 value='Compagnie Nationale du Rhône'; buyer: nom_officiel_collectivite -> rejected score=70 value='Compagnie Nationale du Rhône Numéro d’enregistrement : 957 520 901 Département : Direction des Achats Adresse postale : 2 Rue André Bonin Ville : Lyon Code postal : 69004 Subdivision pays (NUTS) : Rhône ( FRK26 ) Pays : France Point de contact : Olivia Champiot Adresse électronique : olivia-externe' reason=generic_contains_buyer,-,-,-,FRANCE_MARCHES,marches_ordinaires,Aucun marqueur défense/sécurité détecté,indetermine,Aucun indice typologique clair,ABSENTE,non,,non,,INDETERMINE,INDETERMINE,Aucune preuve,,INDETERMINE
13joue003085442026-2026-fourniture-solutions-infrastructure,-,-,-,-,1.1,,1.1,-,,-,-,-,,-,-,-,60000000000.0,,60000000000.0,-,BOAMP,new,13joue003085442026-2026-fourniture-solutions-infrastructure.html,,title: label_titre -> rejected score=40 value='' reason=empty; buyer: label_nom_officiel -> rejected score=40 value='' reason=empty; buyer: label_acheteur -> accepted score=30 value='1.1',-,-,-,BOAMP_XML,marches_ordinaires,Aucun marqueur défense/sécurité détecté,indetermine,Aucun indice typologique clair,ABSENTE,non,,non,,INDETERMINE,INDETERMINE,Aucune preuve,,INDETERMINE
2026-30,"Maintien en Condition Opérationnelle de l'Infrastructure Système, Stockage, Serveurs et Sauvegarde / Renouvellement, installation et maintenance de composants essentiels… Enregistrer cet appel d’offre Localisation : Nièvre (58) Date de clotûre",-,-,-,Centre Hospitalier de l'Agglomération de Nevers,,Centre Hospitalier de l'Agglomération de Nevers,J’ai lu et j’accepte les,,J’ai lu et j’accepte les,J’ai lu et j’accepte les,2026-06-05 12:00:00,,2026-06-05 12:00:00,-,-,-,,-,https://www.francemarches.com/appel-offre/,France Marchés,new,13joue003107212026-2026-maintien-condition-operationnelle.html,,"title: editorial_header -> accepted score=70 value=""Maintien en Condition Opérationnelle de l'Infrastructure Système, Stockage, Serveurs et Sauvegarde / Renouvellement, installation et maintenance de composants essentiels… Enregistrer cet appel d’offre Localisation : Nièvre (58) Date de clotûre""; title: legal_text_title -> rejected score=40 value='' reason=empty; title: description_short -> rejected score=10 value='' reason=empty; buyer: editorial_buyer_block -> rejected score=30 value='' reason=empty; buyer: legal_nom_complet -> accepted score=65 value=""Communauté de communes Haut Nivernais Val d Yonne Type de Numéro national d'identification : SIRETNo national…""; buyer: legal_nom_officiel -> accepted score=60 value=""Centre Hospitalier de l'Agglomération de Nevers""; buyer: nom_officiel_chu -> accepted score=75 value=""Centre Hospitalier de l'Agglomération de Nevers""; buyer: nom_officiel_collectivite -> rejected score=70 value=""Centre Hospitalier de l'Agglomération de Nevers Numéro d’enregistrement : 20001120300011 Adresse postale : 1 avenue Patrick Guillot BP649 Ville : NEVERS cedex Code postal : 58033 Subdivision pays (NUTS) : Nièvre ( FRC12 ) Pays : France Point de contact : Cellule Marchés Adresse électronique : chan"" reason=generic_contains_buyer",-,-,-,FRANCE_MARCHES,marches_ordinaires,Aucun marqueur défense/sécurité détecté,indetermine,Aucun indice typologique clair,ABSENTE,non,,non,,INDETERMINE,INDETERMINE,Aucune preuve,,INDETERMINE
PM BROKER 26-15,"La continuité, l'exploitation, l'hébergement, la maintenance et le développement de la plateforme de notification eTOD Enregistrer cet appel d’offre Localisation : Date de clotûre",-,-,-,Institut géographique national Numéro d’enregistrement : 0216755012_35 Adresse postale : avenue de Cortenbergh 115 Ville : Bruxelles Code postal : 1000 Subdivision pays (NUTS) : Arr,,Institut géographique national Numéro d’enregistrement : 0216755012_35 Adresse postale : avenue de Cortenbergh 115 Ville : Bruxelles Code postal : 1000 Subdivision pays (NUTS) : Arr,-,,-,-,2026-06-15 14:00:00,,2026-06-15 14:00:00,-,-,-,,-,https://www.francemarches.com/appel-offre/,France Marchés,new,13joue003228322026-2026-continuite-exploitation-hebergement?q=72200000.html,,"title: editorial_header -> accepted score=70 value=""La continuité, l'exploitation, l'hébergement, la maintenance et le développement de la plateforme de notification eTOD Enregistrer cet appel d’offre Localisation : Date de clotûre""; title: legal_text_title -> rejected score=40 value='' reason=empty; title: description_short -> rejected score=10 value='' reason=empty; buyer: editorial_buyer_block -> rejected score=30 value='' reason=empty; buyer: legal_nom_complet -> rejected score=40 value='' reason=empty; buyer: legal_nom_officiel -> accepted score=50 value='Institut géographique national'; buyer: nom_officiel_collectivite -> accepted score=70 value='Institut géographique national Numéro d’enregistrement : 0216755012_35 Adresse postale : avenue de Cortenbergh 115 Ville : Bruxelles Code postal : 1000 Subdivision pays (NUTS) : Arr'",-,-,-,FRANCE_MARCHES,marches_ordinaires,Aucun marqueur défense/sécurité détecté,indetermine,Aucun indice typologique clair,ABSENTE,non,,non,,INDETERMINE,INDETERMINE,Aucune preuve,,INDETERMINE
13joue003237302026-2026-prestations-tierce-maintenance?q=72200000,-,-,-,-,1.1,,1.1,-,,-,-,-,,-,-,-,-,,-,-,BOAMP,new,13joue003237302026-2026-prestations-tierce-maintenance?q=72200000.html,,title: label_titre -> rejected score=40 value='' reason=empty; buyer: label_nom_officiel -> rejected score=40 value='' reason=empty; buyer: label_acheteur -> accepted score=30 value='1.1',-,-,-,BOAMP_XML,marches_ordinaires,Aucun marqueur défense/sécurité détecté,indetermine,Aucun indice typologique clair,ABSENTE,non,,non,,INDETERMINE,INDETERMINE,Aucune preuve,,INDETERMINE
13joue003241312026-2026-prestations-support-maintenance?q=72200000,-,-,-,-,1.1,,1.1,-,,-,-,-,,-,-,-,44000000.0,,44000000.0,-,BOAMP,new,13joue003241312026-2026-prestations-support-maintenance?q=72200000.html,,title: label_titre -> rejected score=40 value='' reason=empty; buyer: label_nom_officiel -> rejected score=40 value='' reason=empty; buyer: label_acheteur -> accepted score=30 value='1.1',-,-,-,BOAMP_XML,marches_ordinaires,Aucun marqueur défense/sécurité détecté,indetermine,Aucun indice typologique clair,ABSENTE,non,,non,,INDETERMINE,INDETERMINE,Aucune preuve,,INDETERMINE
13joue003272002026-2026-accompagnement-extension-itsm?q=72200000,-,-,-,-,1.1,,1.1,-,,-,-,-,,-,-,-,-,,-,-,BOAMP,new,13joue003272002026-2026-accompagnement-extension-itsm?q=72200000.html,,title: label_titre -> rejected score=40 value='' reason=empty; buyer: label_nom_officiel -> rejected score=40 value='' reason=empty; buyer: label_acheteur -> accepted score=30 value='1.1',-,-,-,BOAMP_XML,marches_ordinaires,Aucun marqueur défense/sécurité détecté,indetermine,Aucun indice typologique clair,ABSENTE,non,,non,,INDETERMINE,INDETERMINE,Aucune preuve,,INDETERMINE
AE20260004-DAF_2026_000243,HISI V2 - Hébergement et infogérance des sites internet Enregistrer cet appel d’offre Localisation : Paris (75) Date de clotûre,-,-,-,BANQUE DE FRANCE - Direction des Achats,,BANQUE DE FRANCE - Direction des Achats,DIRECTION DES ACHATS,,DIRECTION DES ACHATS,DIRECTION DES ACHATS,-,,-,-,-,-,,-,https://www.francemarches.com/appel-offre/,France Marchés,new,13joue003278382026-2026-hisi-hebergement-infogerance?q=72200000.html,,title: editorial_header -> accepted score=70 value='HISI V2 - Hébergement et infogérance des sites internet Enregistrer cet appel d’offre Localisation : Paris (75) Date de clotûre'; title: legal_text_title -> rejected score=40 value='' reason=empty; title: description_short -> rejected score=10 value='' reason=empty; buyer: editorial_buyer_block -> rejected score=30 value='' reason=empty; buyer: legal_nom_complet -> rejected score=40 value='' reason=empty; buyer: legal_nom_officiel -> accepted score=60 value='BANQUE DE FRANCE - Direction des Achats'; buyer: nom_officiel_collectivite -> rejected score=70 value='BANQUE DE FRANCE - Direction des Achats Numéro d’enregistrement : 57210489100013 Département : DIRECTION DES ACHATS Ville : 39 rue Croix des Petits Champs Code postal : 75001 Subdivision pays (NUTS) : Paris ( FR101 ) Pays : France Point de contact : Christopher DELINOIS Adresse électronique : achats' reason=generic_contains_buyer,-,-,-,FRANCE_MARCHES,marches_ordinaires,Aucun marqueur défense/sécurité détecté,indetermine,Aucun indice typologique clair,ABSENTE,non,,non,,INDETERMINE,INDETERMINE,Aucune preuve,,INDETERMINE
13joue003293162026-2026-maintenance-hebergement-developpements?q=72200000,-,-,-,-,1.1,,1.1,-,,-,-,-,,-,-,-,17000000.0,,17000000.0,-,BOAMP,new,13joue003293162026-2026-maintenance-hebergement-developpements?q=72200000.html,,title: label_titre -> rejected score=40 value='' reason=empty; buyer: label_nom_officiel -> rejected score=40 value='' reason=empty; buyer: label_acheteur -> accepted score=30 value='1.1',-,-,-,BOAMP_XML,marches_ordinaires,Aucun marqueur défense/sécurité détecté,indetermine,Aucun indice typologique clair,ABSENTE,non,,non,,INDETERMINE,INDETERMINE,Aucune preuve,,INDETERMINE
13joue003304802026-2026-groupement-commandes-pour?q=72200000,-,-,-,-,1.1,,1.1,-,,-,-,-,,-,-,-,60000000.0,,60000000.0,-,BOAMP,new,13joue003304802026-2026-groupement-commandes-pour?q=72200000.html,,title: label_titre -> rejected score=40 value='' reason=empty; buyer: label_nom_officiel -> rejected score=40 value='' reason=empty; buyer: label_acheteur -> accepted score=30 value='1.1',-,-,-,BOAMP_XML,marches_ordinaires,Aucun marqueur défense/sécurité détecté,indetermine,Aucun indice typologique clair,ABSENTE,non,,non,,INDETERMINE,INDETERMINE,Aucune preuve,,INDETERMINE
26-41049,-,-,-,-,1.1,,1.1,-,,-,-,-,,-,-,-,400000.0,,400000.0,-,BOAMP,new,26-41049.html,,title: label_titre -> rejected score=40 value='' reason=empty; buyer: label_nom_officiel -> rejected score=40 value='' reason=empty; buyer: label_acheteur -> accepted score=30 value='1.1',-,-,-,BOAMP_XML,marches_ordinaires,Aucun marqueur défense/sécurité détecté,indetermine,Aucun indice typologique clair,ABSENTE,non,,non,,INDETERMINE,INDETERMINE,Aucune preuve,,INDETERMINE
2956468?orgAcronyme=g7h,-,-,-,-,MINARM / ESTM / EPA / SHOM - Service hydrographique et océanographique de la Marine,,MINARM / ESTM / EPA / SHOM - Service hydrographique et océanographique de la Marine,(29) Finistère,,(29) Finistère,(29) Finistère,2026-06-18 09:00:00,,2026-06-18 09:00:00,-,-,-,,-,-,PLACE,new,2956468?orgAcronyme=g7h.html,,title: header_generic -> rejected score=-75 value='Détail de la consultation' reason=generic_exact_title; buyer: entity_line -> accepted score=70 value='MINARM / ESTM / EPA / SHOM - Service hydrographique et océanographique de la Marine'; buyer: entity_line -> accepted score=60 value='Publicité / Téléchargement'; buyer: entity_line -> accepted score=60 value='Publicité / Téléchargement',-,-,-,PLACE_NUMERIC,marches_ordinaires,Aucun marqueur défense/sécurité détecté,indetermine,Aucun indice typologique clair,ABSENTE,non,,non,,INDETERMINE,INDETERMINE,Aucune preuve,,INDETERMINE
2986378?orgAcronyme=f2h,Fourniture d'une solution de gestion pédagogique des doctorants,-,-,-,EOESRI / COMUE - UdL - COMUE &quot;Université de Lyon&quot,,EOESRI / COMUE - UdL - COMUE &quot;Université de Lyon&quot,(69) Rhône,,(69) Rhône,(69) Rhône,2026-06-12 12:00:00,,2026-06-12 12:00:00,-,-,-,,-,-,PLACE,new,2986378?orgAcronyme=f2h.html,,"title: header_generic -> rejected score=-75 value='Détail de la consultation' reason=generic_exact_title; title: business_title_line -> accepted score=60 value=""Fourniture d'une solution de gestion pédagogique des doctorants""; buyer: entity_line -> accepted score=70 value='EOESRI / COMUE - UdL - COMUE &quot;Université de Lyon&quot'; buyer: entity_line -> accepted score=60 value='Publicité / Téléchargement'; buyer: entity_line -> accepted score=60 value='Publicité / Téléchargement'",-,-,-,PLACE_NUMERIC,marches_ordinaires,Aucun marqueur défense/sécurité détecté,indetermine,Aucun indice typologique clair,ABSENTE,non,,non,,INDETERMINE,INDETERMINE,Aucune preuve,,INDETERMINE
2987833?orgAcronyme=f2h,Réalisation d’opérations comptables et assistance fonctionnelle sur le système d’information financier et comptable SIFAC/SIFAC+ (S4/HANA SAP) de CentraleSupelec,-,-,-,EOESRI / SUPELEC - Centrale SUPELEC,,EOESRI / SUPELEC - Centrale SUPELEC,(91) Essonne,,(91) Essonne,(91) Essonne,2026-06-12 12:00:00,,2026-06-12 12:00:00,-,-,-,,-,-,PLACE,new,2987833?orgAcronyme=f2h.html,,title: header_generic -> rejected score=-75 value='Détail de la consultation' reason=generic_exact_title; title: business_title_line -> accepted score=60 value='Réalisation d’opérations comptables et assistance fonctionnelle sur le système d’information financier et comptable SIFAC/SIFAC+ (S4/HANA SAP) de CentraleSupelec'; title: business_title_line -> accepted score=60 value='Réalisation d’opérations comptables et assistance fonctionnelle sur le système d’information financier et comptable SIFAC/SIFAC+ (S4/HANA SAP) de CentraleSupelec'; buyer: entity_line -> accepted score=60 value='EOESRI / SUPELEC - Centrale SUPELEC'; buyer: entity_line -> accepted score=60 value='Publicité / Téléchargement'; buyer: entity_line -> accepted score=60 value='Publicité / Téléchargement',-,-,-,PLACE_NUMERIC,marches_ordinaires,Aucun marqueur défense/sécurité détecté,indetermine,Aucun indice typologique clair,ABSENTE,non,,non,,INDETERMINE,INDETERMINE,Aucune preuve,,INDETERMINE
2990888?orgAcronyme=d3f,-,-,-,-,MJL / SG / DNUM - Direction du numérique,,MJL / SG / DNUM - Direction du numérique,-,,-,-,2026-06-17 14:00:00,,2026-06-17 14:00:00,-,-,-,,-,-,PLACE,new,2990888?orgAcronyme=d3f.html,,title: header_generic -> rejected score=-75 value='Détail de la consultation' reason=generic_exact_title; buyer: entity_line -> accepted score=70 value='MJL / SG / DNUM - Direction du numérique'; buyer: entity_line -> accepted score=60 value='Publicité / Téléchargement'; buyer: entity_line -> accepted score=60 value='Publicité / Téléchargement',-,-,-,PLACE_NUMERIC,marches_ordinaires,Aucun marqueur défense/sécurité détecté,indetermine,Aucun indice typologique clair,ABSENTE,non,,non,,INDETERMINE,INDETERMINE,Aucune preuve,,INDETERMINE
2992873?orgAcronyme=d4t,Assistance à maîtrise d’ouvrage pour la conception et la passation de marchés publics de développement d’outils de gestion et de visualisation de données sur l’eau sur le bassin versant Marais poitevin,-,-,-,MTES-MCTRCT-MER / EP / EP MP - Etablissement Public du Marais Poitevin,,MTES-MCTRCT-MER / EP / EP MP - Etablissement Public du Marais Poitevin,"(85) Vendée, (17) Charente-Maritime, (79) Deux-Sèvres",,"(85) Vendée, (17) Charente-Maritime, (79) Deux-Sèvres","(85) Vendée, (17) Charente-Maritime, (79) Deux-Sèvres",2026-06-22 12:00:00,,2026-06-22 12:00:00,-,-,-,,-,-,PLACE,new,2992873?orgAcronyme=d4t.html,,title: header_generic -> rejected score=-75 value='Détail de la consultation' reason=generic_exact_title; title: business_title_line -> accepted score=60 value='Assistance à maîtrise d’ouvrage pour la conception et la passation de marchés publics de développement d’outils de gestion et de visualisation de données sur l’eau sur le bassin versant Marais poitevin'; buyer: entity_line -> accepted score=60 value='MTES-MCTRCT-MER / EP / EP MP - Etablissement Public du Marais Poitevin'; buyer: entity_line -> accepted score=60 value='Publicité / Téléchargement'; buyer: entity_line -> accepted score=60 value='Publicité / Téléchargement',-,-,-,PLACE_NUMERIC,marches_ordinaires,Aucun marqueur défense/sécurité détecté,indetermine,Aucun indice typologique clair,ABSENTE,non,,non,,INDETERMINE,INDETERMINE,Aucune preuve,,INDETERMINE
B26-01107-LS,Prestations de tierce maintenance applicative (TMA) des Logiciels Systèmes Energétiques du CEA Liten,-,-,-,AO / CEA / CEA / GRENOBLE - CENTRE DE GRENOBLE,,AO / CEA / CEA / GRENOBLE - CENTRE DE GRENOBLE,(38) Isère,,(38) Isère,(38) Isère,2026-06-10 16:00:00,,2026-06-10 16:00:00,-,-,-,,-,-,PLACE,new,2997383?orgAcronyme=s2d.html,,title: header_generic -> rejected score=-75 value='Détail de la consultation' reason=generic_exact_title; title: line_after_reference -> rejected score=35 value='Intitulé' reason=too_short; title: business_title_line -> accepted score=60 value='Prestations de tierce maintenance applicative (TMA) des Logiciels Systèmes Energétiques du CEA Liten'; buyer: category_label -> rejected score=-90 value='Autres organismes' reason=generic_exact_buyer; buyer: category_label -> rejected score=-90 value='Autres organismes' reason=generic_exact_buyer; buyer: entity_line -> accepted score=70 value='AO / CEA / CEA / GRENOBLE - CENTRE DE GRENOBLE'; buyer: entity_line -> accepted score=60 value='Publicité / Téléchargement'; buyer: entity_line -> accepted score=60 value='Publicité / Téléchargement',-,-,-,PLACE_NUMERIC,marches_ordinaires,Aucun marqueur défense/sécurité détecté,indetermine,Aucun indice typologique clair,ABSENTE,non,,non,,INDETERMINE,INDETERMINE,Aucune preuve,,INDETERMINE
2998043?orgAcronyme=f2h,-,-,-,-,EOESRI / CNRS / CNRS - DR14 - CNRS Délégation Occitanie Ouest,,EOESRI / CNRS / CNRS - DR14 - CNRS Délégation Occitanie Ouest,"(75) Paris, (92) Hauts-de-Seine, (31) Haute-Garonne",,"(75) Paris, (92) Hauts-de-Seine, (31) Haute-Garonne","(75) Paris, (92) Hauts-de-Seine, (31) Haute-Garonne",2026-06-15 12:00:00,,2026-06-15 12:00:00,-,-,-,,-,-,PLACE,new,2998043?orgAcronyme=f2h.html,,title: header_generic -> rejected score=-75 value='Détail de la consultation' reason=generic_exact_title; buyer: entity_line -> accepted score=70 value='EOESRI / CNRS / CNRS - DR14 - CNRS Délégation Occitanie Ouest'; buyer: entity_line -> accepted score=60 value='Publicité / Téléchargement'; buyer: entity_line -> accepted score=60 value='Publicité / Téléchargement',-,-,-,PLACE_NUMERIC,marches_ordinaires,Aucun marqueur défense/sécurité détecté,indetermine,Aucun indice typologique clair,ABSENTE,non,,non,,INDETERMINE,INDETERMINE,Aucune preuve,,INDETERMINE
36parisien1157695-2026-infogerance-systeme-information,Infogérance du système d'information de la ville de Croissy-sur-Seine Enregistrer cet appel d’offre Localisation : Yvelines (78) - Croissy-sur-Seine Date de clotûre,-,-,-,Ville de Croissy-sur-Seine,,Ville de Croissy-sur-Seine,Plusieurs lieux,,Plusieurs lieux,Plusieurs lieux,-,,-,-,-,-,,-,https://www.francemarches.com/appel-offre/,France Marchés,new,36parisien1157695-2026-infogerance-systeme-information.html,,"title: editorial_header -> accepted score=70 value=""Infogérance du système d'information de la ville de Croissy-sur-Seine Enregistrer cet appel d’offre Localisation : Yvelines (78) - Croissy-sur-Seine Date de clotûre""; title: legal_text_title -> rejected score=40 value='' reason=empty; title: description_short -> accepted score=50 value=""Infogérance du système d'information de la ville de Croissy-sur-Seine""; buyer: editorial_buyer_block -> rejected score=30 value='' reason=empty; buyer: legal_nom_complet -> accepted score=65 value='Ville de Croissy-sur-Seine'; buyer: legal_nom_officiel -> rejected score=35 value='' reason=empty",-,-,-,FRANCE_MARCHES,marches_ordinaires,Aucun marqueur défense/sécurité détecté,indetermine,Aucun indice typologique clair,ABSENTE,non,,non,,INDETERMINE,INDETERMINE,Aucune preuve,,INDETERMINE
37ao26154015290520267275-2026-cadrage-conception-developpement,-,-,-,-,1.1 Acheteur,,1.1 Acheteur,"Votre code postal ne semble pas en France. Rien de grave, vous pouvez le modifier ou simplement valider",,"Votre code postal ne semble pas en France. Rien de grave, vous pouvez le modifier ou simplement valider","Votre code postal ne semble pas en France. Rien de grave, vous pouvez le modifier ou simplement valider",-,,-,-,-,16000000.0,,16000000.0,-,BOAMP,new,37ao26154015290520267275-2026-cadrage-conception-developpement.html,,title: label_titre -> rejected score=40 value='' reason=empty; buyer: label_nom_officiel -> rejected score=40 value='' reason=empty; buyer: label_acheteur -> accepted score=40 value='1.1 Acheteur',-,-,-,BOAMP_XML,marches_ordinaires,Aucun marqueur défense/sécurité détecté,indetermine,Aucun indice typologique clair,ABSENTE,non,,non,,INDETERMINE,INDETERMINE,Aucune preuve,,INDETERMINE
37ao26181552260520267275-2026-prestations-assistance-technique,-,-,-,-,1.1 Acheteur,,1.1 Acheteur,"Votre code postal ne semble pas en France. Rien de grave, vous pouvez le modifier ou simplement valider",,"Votre code postal ne semble pas en France. Rien de grave, vous pouvez le modifier ou simplement valider","Votre code postal ne semble pas en France. Rien de grave, vous pouvez le modifier ou simplement valider",-,,-,-,-,8700000.0,,8700000.0,-,BOAMP,new,37ao26181552260520267275-2026-prestations-assistance-technique.html,,title: label_titre -> rejected score=40 value='' reason=empty; buyer: label_nom_officiel -> rejected score=40 value='' reason=empty; buyer: label_acheteur -> accepted score=40 value='1.1 Acheteur'; buyer: org_info_complementaires -> accepted score=-35 value='Organisation qui fournit un accès hors ligne aux documents de marché',-,-,-,BOAMP_XML,marches_ordinaires,Aucun marqueur défense/sécurité détecté,indetermine,Aucun indice typologique clair,ABSENTE,non,,non,,INDETERMINE,INDETERMINE,Aucune preuve,,INDETERMINE
DAF_2025_001001,Prestations d’assistance et d’expertise pour migration et déploiement des SI vers le cloud au profit du Centre Spécialisé Cloud du MINARM (référence interne DAF).,Procédure négociée,Services,Etat,"Ministère des Armées – DNUM / Centre Spécialisé Cloud du MINARM, France entière.",,Ministère des Armées – DNUM / Centre Spécialisé Cloud du MINARM,Val-de-Marne,,Val-de-Marne,France entière,26/05/2026,,26/05/2026,66 mois,Cf règlement de la consultation,18.02 M€ HT,,18.02 M€ HT,https://www.francemarches.com/appel-offre/37ao26181581260520263294-2026-prestations-assistance-expertise,SCRAPPING REDPOINT,matched,37ao26181581260520263294-2026-prestations-assistance-expertise.html,,,,,,-,marches_ordinaires,Aucun marqueur défense/sécurité détecté,indetermine,Aucun indice typologique clair,ABSENTE,non,,non,,INDETERMINE,INDETERMINE,Aucune preuve,,INDETERMINE
3boamp2640079-2026-mise-disposition-adaptation,-,-,-,-,1.1,,1.1,-,,-,-,-,,-,-,-,500000.0,,500000.0,-,BOAMP,new,3boamp2640079-2026-mise-disposition-adaptation.html,,title: label_titre -> rejected score=40 value='' reason=empty; buyer: label_nom_officiel -> rejected score=40 value='' reason=empty; buyer: label_acheteur -> accepted score=30 value='1.1',-,-,-,BOAMP_XML,marches_ordinaires,Aucun marqueur défense/sécurité détecté,indetermine,Aucun indice typologique clair,ABSENTE,non,,non,,INDETERMINE,INDETERMINE,Aucune preuve,,INDETERMINE
3boamp2641049-2026-assistance-externe-pour,-,-,-,-,1.1,,1.1,-,,-,-,-,,-,-,-,400000.0,,400000.0,-,BOAMP,new,3boamp2641049-2026-assistance-externe-pour.html,,title: label_titre -> rejected score=40 value='' reason=empty; buyer: label_nom_officiel -> rejected score=40 value='' reason=empty; buyer: label_acheteur -> accepted score=30 value='1.1',-,-,-,BOAMP_XML,marches_ordinaires,Aucun marqueur défense/sécurité détecté,indetermine,Aucun indice typologique clair,ABSENTE,non,,non,,INDETERMINE,INDETERMINE,Aucune preuve,,INDETERMINE
3boamp2641974-2026-maintien-condition-operationnelle,-,-,-,-,1.1,,1.1,-,,-,-,-,,-,-,-,-,,-,-,BOAMP,new,3boamp2641974-2026-maintien-condition-operationnelle.html,,title: label_titre -> rejected score=40 value='' reason=empty; buyer: label_nom_officiel -> rejected score=40 value='' reason=empty; buyer: label_acheteur -> accepted score=30 value='1.1',-,-,-,BOAMP_XML,marches_ordinaires,Aucun marqueur défense/sécurité détecté,indetermine,Aucun indice typologique clair,ABSENTE,non,,non,,INDETERMINE,INDETERMINE,Aucune preuve,,INDETERMINE
3boamp2642071-2026-assistance-ingenierie-coordination,-,-,-,-,1.1,,1.1,-,,-,-,-,,-,-,-,-,,-,-,BOAMP,new,3boamp2642071-2026-assistance-ingenierie-coordination.html,,title: label_titre -> rejected score=40 value='' reason=empty; buyer: label_nom_officiel -> rejected score=40 value='' reason=empty; buyer: label_acheteur -> accepted score=30 value='1.1',-,-,-,BOAMP_XML,marches_ordinaires,Aucun marqueur défense/sécurité détecté,indetermine,Aucun indice typologique clair,ABSENTE,non,,non,,INDETERMINE,INDETERMINE,Aucune preuve,,INDETERMINE
3boamp2642106-2026-acquisition-mise-oeuvre,-,-,-,-,1.1,,1.1,-,,-,-,-,,-,-,-,-,,-,-,BOAMP,new,3boamp2642106-2026-acquisition-mise-oeuvre.html,,title: label_titre -> rejected score=40 value='' reason=empty; buyer: label_nom_officiel -> rejected score=40 value='' reason=empty; buyer: label_acheteur -> accepted score=30 value='1.1',-,-,-,BOAMP_XML,marches_ordinaires,Aucun marqueur défense/sécurité détecté,indetermine,Aucun indice typologique clair,ABSENTE,non,,non,,INDETERMINE,INDETERMINE,Aucune preuve,,INDETERMINE
3boamp2642682-2026-renouvellement-maintenance-serveurs,-,-,-,-,1.1,,1.1,-,,-,-,-,,-,-,-,1025000.0,,1025000.0,-,BOAMP,new,3boamp2642682-2026-renouvellement-maintenance-serveurs.html,,title: label_titre -> rejected score=40 value='' reason=empty; buyer: label_nom_officiel -> rejected score=40 value='' reason=empty; buyer: label_acheteur -> accepted score=30 value='1.1',-,-,-,BOAMP_XML,marches_ordinaires,Aucun marqueur défense/sécurité détecté,indetermine,Aucun indice typologique clair,ABSENTE,non,,non,,INDETERMINE,INDETERMINE,Aucune preuve,,INDETERMINE
3boamp2643374-2026-refonte-site-internet,-,-,-,-,Nom complet de l'acheteur,,Nom complet de l'acheteur,"Votre code postal ne semble pas en France. Rien de grave, vous pouvez le modifier ou simplement valider",,"Votre code postal ne semble pas en France. Rien de grave, vous pouvez le modifier ou simplement valider","Votre code postal ne semble pas en France. Rien de grave, vous pouvez le modifier ou simplement valider",-,,-,-,-,-,,-,-,BOAMP,new,3boamp2643374-2026-refonte-site-internet.html,,"title: label_titre -> rejected score=40 value='' reason=empty; buyer: label_nom_officiel -> rejected score=40 value='' reason=empty; buyer: label_acheteur -> accepted score=45 value=""Nom complet de l'acheteur""",-,-,-,BOAMP_XML,marches_ordinaires,Aucun marqueur défense/sécurité détecté,indetermine,Aucun indice typologique clair,ABSENTE,non,,non,,INDETERMINE,INDETERMINE,Aucune preuve,,INDETERMINE
3boamp2643609-2026-prestations-services-informatiques,-,-,-,-,1.1,,1.1,-,,-,-,-,,-,-,-,-,,-,-,BOAMP,new,3boamp2643609-2026-prestations-services-informatiques.html,,title: label_titre -> rejected score=40 value='' reason=empty; buyer: label_nom_officiel -> rejected score=40 value='' reason=empty; buyer: label_acheteur -> accepted score=30 value='1.1',-,-,-,BOAMP_XML,marches_ordinaires,Aucun marqueur défense/sécurité détecté,indetermine,Aucun indice typologique clair,ABSENTE,non,,non,,INDETERMINE,INDETERMINE,Aucune preuve,,INDETERMINE
3boamp2644098-2026-prestations-conseil-collecte,-,-,-,-,1.1,,1.1,-,,-,-,-,,-,-,-,750000.0,,750000.0,-,BOAMP,new,3boamp2644098-2026-prestations-conseil-collecte.html,,title: label_titre -> rejected score=40 value='' reason=empty; buyer: label_nom_officiel -> rejected score=40 value='' reason=empty; buyer: label_acheteur -> accepted score=30 value='1.1',-,-,-,BOAMP_XML,marches_ordinaires,Aucun marqueur défense/sécurité détecté,indetermine,Aucun indice typologique clair,ABSENTE,non,,non,,INDETERMINE,INDETERMINE,Aucune preuve,,INDETERMINE
3boamp2644226-2026-assistance-maitrise-oeuvre,-,-,-,-,1.1,,1.1,-,,-,-,-,,-,-,-,2000000.0,,2000000.0,-,BOAMP,new,3boamp2644226-2026-assistance-maitrise-oeuvre.html,,title: label_titre -> rejected score=40 value='' reason=empty; buyer: label_nom_officiel -> rejected score=40 value='' reason=empty; buyer: label_acheteur -> accepted score=30 value='1.1',-,-,-,BOAMP_XML,marches_ordinaires,Aucun marqueur défense/sécurité détecté,indetermine,Aucun indice typologique clair,ABSENTE,non,,non,,INDETERMINE,INDETERMINE,Aucune preuve,,INDETERMINE
3boamp2644837-2026-systeme-information-dpsm,-,-,-,-,1.1,,1.1,-,,-,-,-,,-,-,-,-,,-,-,BOAMP,new,3boamp2644837-2026-systeme-information-dpsm.html,,title: label_titre -> rejected score=40 value='' reason=empty; buyer: label_nom_officiel -> rejected score=40 value='' reason=empty; buyer: label_acheteur -> accepted score=30 value='1.1',-,-,-,BOAMP_XML,marches_ordinaires,Aucun marqueur défense/sécurité détecté,indetermine,Aucun indice typologique clair,ABSENTE,non,,non,,INDETERMINE,INDETERMINE,Aucune preuve,,INDETERMINE
3boamp2646966-2026-present-marche-pour?q=72200000,-,-,-,-,1.1,,1.1,-,,-,-,-,,-,-,-,440000.0,,440000.0,-,BOAMP,new,3boamp2646966-2026-present-marche-pour?q=72200000.html,,title: label_titre -> rejected score=40 value='' reason=empty; buyer: label_nom_officiel -> rejected score=40 value='' reason=empty; buyer: label_acheteur -> accepted score=30 value='1.1',-,-,-,BOAMP_XML,marches_ordinaires,Aucun marqueur défense/sécurité détecté,indetermine,Aucun indice typologique clair,ABSENTE,non,,non,,INDETERMINE,INDETERMINE,Aucune preuve,,INDETERMINE
3boamp2647530-2026-missions-infogerance-systemes?q=72200000,-,-,-,-,1.1,,1.1,-,,-,-,-,,-,-,-,-,,-,-,BOAMP,new,3boamp2647530-2026-missions-infogerance-systemes?q=72200000.html,,title: label_titre -> rejected score=40 value='' reason=empty; buyer: label_nom_officiel -> rejected score=40 value='' reason=empty; buyer: label_acheteur -> accepted score=30 value='1.1',-,-,-,BOAMP_XML,marches_ordinaires,Aucun marqueur défense/sécurité détecté,indetermine,Aucun indice typologique clair,ABSENTE,non,,non,,INDETERMINE,INDETERMINE,Aucune preuve,,INDETERMINE
3boamp2647639-2026-mise-place-outil?q=72200000,-,-,-,-,1.1,,1.1,-,,-,-,-,,-,-,-,-,,-,-,BOAMP,new,3boamp2647639-2026-mise-place-outil?q=72200000.html,,title: label_titre -> rejected score=40 value='' reason=empty; buyer: label_nom_officiel -> rejected score=40 value='' reason=empty; buyer: label_acheteur -> accepted score=30 value='1.1',-,-,-,BOAMP_XML,marches_ordinaires,Aucun marqueur défense/sécurité détecté,indetermine,Aucun indice typologique clair,ABSENTE,non,,non,,INDETERMINE,INDETERMINE,Aucune preuve,,INDETERMINE
3boamp2648308-2026-prestation-reseau-cloud,Prestation IT : Réseau / Cloud / Sécurité,-,-,-,SPL P.A.R.S.E.F,,SPL P.A.R.S.E.F,(77) Seine-et-Marne,,(77) Seine-et-Marne,(77) Seine-et-Marne,-,,-,-,-,-,,-,https://www.francemarches.com/appel-offre/,France Marchés,new,3boamp2648308-2026-prestation-reseau-cloud?q=72200000.html,,"title: editorial_header -> accepted score=70 value='Prestation IT : Réseau / Cloud / Sécurité Enregistrer cet appel d’offre Localisation : Seine-et-Marne (77) Date de clotûre'; title: legal_text_title -> accepted score=75 value='Prestation IT : Réseau / Cloud / Sécurité'; title: description_short -> accepted score=50 value='Le présent marché a pour objet l’hébergement, la supervision et la maintenance d’une infrastructure informatique, nécessaire au fonctionnement du système d’information de la SPL. Ce marché s’inscrit dans une logique d’infogérance globale des infrastructures existantes et vise à assurer leur exploitation, leur sécurisation et leur évolution'; buyer: editorial_buyer_block -> rejected score=30 value='' reason=empty; buyer: legal_nom_complet -> accepted score=50 value='SPL P.A.R.S.E.F'; buyer: legal_nom_officiel -> rejected score=35 value='' reason=empty",-,-,-,FRANCE_MARCHES,marches_ordinaires,Aucun marqueur défense/sécurité détecté,indetermine,Aucun indice typologique clair,ABSENTE,non,,non,,INDETERMINE,INDETERMINE,Aucune preuve,,INDETERMINE
MO-9589316,Infogérance du système d'information de l'INSEAMM,-,-,-,ESADMM,,ESADMM,13 - MARSEILLE,,13 - MARSEILLE,13 - MARSEILLE,2026-05-29 00:00:00,,2026-05-29 00:00:00,-,-,-,,-,-,Marchés Online,new,ao-9589316-1.html,,"title: h1_title_avis -> accepted score=75 value=""Infogérance du système d'information de l'INSEAMM""; title: title_tag -> accepted score=65 value=""Infogérance du système d'information de l'INSEAMM""; title: meta_description -> accepted score=60 value=""Infogérance du système d'information de l'INSEAMM""; buyer: company_link -> accepted score=45 value='ESADMM'",-,-,-,MARCHES_ONLINE,marches_ordinaires,Aucun marqueur défense/sécurité détecté,indetermine,Aucun indice typologique clair,ABSENTE,non,,non,,INDETERMINE,INDETERMINE,Aucune preuve,,INDETERMINE
MO-9591946,Prestations d'assistance et d'expertise pour la migration et le déploiement des systèmes d'information vers le cloud au profit du Centre Spécialisé Cloud du MINARM,-,-,-,MINDEF/DIRISI/Bureau Marchés,,MINDEF/DIRISI/Bureau Marchés,94 - MINISTERE DES ARMEES,,94 - MINISTERE DES ARMEES,94 - MINISTERE DES ARMEES,2026-05-26 00:00:00,,2026-05-26 00:00:00,-,-,-,,-,-,Marchés Online,new,ao-9591946-1.html,,"title: h1_title_avis -> accepted score=80 value=""Prestations d'assistance et d'expertise pour la migration et le déploiement des systèmes d'information vers le cloud au profit du Centre Spécialisé Cloud du MINARM""; title: title_tag -> accepted score=70 value=""Prestations d'assistance et d'expertise pour la migration et le déploiement des systèmes d'information vers le cloud au profit du Centre Spécialisé Cloud du MINARM""; title: meta_description -> accepted score=65 value=""Prestations d'assistance et d'expertise pour la migration et le déploiement des systèmes d'information vers le cloud au profit du Centre Spécialisé Cloud du MINARM""; buyer: company_link -> accepted score=75 value='MINDEF/DIRISI/Bureau Marchés'; buyer: nom_officiel_pattern -> accepted score=55 value='Commissariat au Numérique de Défense (CND)'",-,-,-,MARCHES_ONLINE,marches_ordinaires,Aucun marqueur défense/sécurité détecté,indetermine,Aucun indice typologique clair,ABSENTE,non,,non,,INDETERMINE,INDETERMINE,Aucune preuve,,INDETERMINE
MO-9592936,"Fourniture, mise en oeuvre d'un Security Operation Center (SOC) managé et Protection des identités",-,-,-,Gaz Electricité de Grenoble,,Gaz Electricité de Grenoble,38 - GRENOBLE,,38 - GRENOBLE,38 - GRENOBLE,2026-05-26 00:00:00,,2026-05-26 00:00:00,-,-,-,,-,-,Marchés Online,new,ao-9592936-1.html,,"title: h1_title_avis -> accepted score=80 value=""Fourniture, mise en oeuvre d'un Security Operation Center (SOC) managé et Protection des identités""; title: title_tag -> rejected score=35 value='Fourniture' reason=generic_exact_title; title: meta_description -> accepted score=65 value=""Fourniture, mise en oeuvre d'un Security Operation Center (SOC) managé et Protection des identités""; buyer: company_link -> accepted score=60 value='Gaz Electricité de Grenoble'; buyer: nom_officiel_pattern -> accepted score=55 value='GAZ ELECTRICITE DE GRENOBLE'",-,-,-,MARCHES_ONLINE,marches_ordinaires,Aucun marqueur défense/sécurité détecté,indetermine,Aucun indice typologique clair,ABSENTE,non,,non,,INDETERMINE,INDETERMINE,Aucune preuve,,INDETERMINE
MO-9594452,"Marché de prestations de maintenance d'assistance et d'infogérance du parc informatique, réseau et télécom de l'EPPGHV",-,-,-,Etablissement Public du Parc et de la Grande Halle de la Villette (EPPGHV),,Etablissement Public du Parc et de la Grande Halle de la Villette (EPPGHV),75 - EPPGHV,,75 - EPPGHV,75 - EPPGHV,2026-06-01 00:00:00,,2026-06-01 00:00:00,-,-,-,,-,-,Marchés Online,new,ao-9594452-1.html,,"title: h1_title_avis -> accepted score=80 value=""Marché de prestations de maintenance d'assistance et d'infogérance du parc informatique, réseau et télécom de l'EPPGHV""; title: title_tag -> accepted score=70 value=""Marché de prestations de maintenance d'assistance et d'infogérance du parc informatique""; title: meta_description -> accepted score=65 value=""Marché de prestations de maintenance d'assistance et d'infogérance du parc informatique, réseau et télécom de l'EPPGHV""; buyer: company_link -> accepted score=70 value='Etablissement Public du Parc et de la Grande Halle de la Villette (EPPGHV)'; buyer: nom_officiel_pattern -> accepted score=40 value='EPPGHV'",-,-,-,MARCHES_ONLINE,marches_ordinaires,Aucun marqueur défense/sécurité détecté,indetermine,Aucun indice typologique clair,ABSENTE,non,,non,,INDETERMINE,INDETERMINE,Aucune preuve,,INDETERMINE
MO-9595379,Maintien en condition opérationnelle et l'accompagnement à l'évolution des infrastructures et services numériques de la Ville de Paris et du CASVP,-,-,-,Ville de Paris,,Ville de Paris,75 - VILLE DE PARIS,,75 - VILLE DE PARIS,75 - VILLE DE PARIS,2026-06-09 00:00:00,,2026-06-09 00:00:00,-,-,8500000.0,,8500000.0,-,Marchés Online,new,ao-9595379-1.html,,"title: h1_title_avis -> accepted score=80 value=""Maintien en condition opérationnelle et l'accompagnement à l'évolution des infrastructures et services numériques de la Ville de Paris et du CASVP""; title: title_tag -> accepted score=70 value=""Maintien en condition opérationnelle et l'accompagnement à l'évolution des infrastructures et services numériques de la Ville de Paris et du CASVP""; title: meta_description -> accepted score=65 value=""Maintien en condition opérationnelle et l'accompagnement à l'évolution des infrastructures et services numériques de la Ville de Paris et du CASVP""; buyer: company_link -> accepted score=65 value='Ville de Paris'; buyer: nom_officiel_pattern -> accepted score=65 value='VILLE de PARIS - DFA - SDA'",-,-,-,MARCHES_ONLINE,marches_ordinaires,Aucun marqueur défense/sécurité détecté,indetermine,Aucun indice typologique clair,ABSENTE,non,,non,,INDETERMINE,INDETERMINE,Aucune preuve,,INDETERMINE
MO-9595420,Tierce maintenance d'exploitation et de services des agences de l'eau,-,-,-,Agence de l'Eau Seine Normandie,,Agence de l'Eau Seine Normandie,92 - AGENCE DE L'EAU SEINE NORMANDIE,,92 - AGENCE DE L'EAU SEINE NORMANDIE,92 - AGENCE DE L'EAU SEINE NORMANDIE,2026-05-26 00:00:00,,2026-05-26 00:00:00,-,-,-,,-,-,Marchés Online,new,ao-9595420-1.html,,"title: h1_title_avis -> accepted score=80 value=""Tierce maintenance d'exploitation et de services des agences de l'eau""; title: title_tag -> accepted score=70 value=""Tierce maintenance d'exploitation et de services des agences de l'eau""; title: meta_description -> accepted score=65 value=""Tierce maintenance d'exploitation et de services des agences de l'eau""; buyer: company_link -> accepted score=70 value=""Agence de l'Eau Seine Normandie""; buyer: nom_officiel_pattern -> accepted score=65 value=""Agence de l'eau Seine Normandie""",-,-,-,MARCHES_ONLINE,marches_ordinaires,Aucun marqueur défense/sécurité détecté,indetermine,Aucun indice typologique clair,ABSENTE,non,,non,,INDETERMINE,INDETERMINE,Aucune preuve,,INDETERMINE
MO-9596025,Prestations de services informatiques pour le développement et la maintenance des outils informatiques,-,-,-,GCS UNIHA,,GCS UNIHA,69 - LYON,,69 - LYON,69 - LYON,2026-06-02 00:00:00,,2026-06-02 00:00:00,-,-,-,,-,-,Marchés Online,new,ao-9596025-2.html,,title: h1_title_avis -> accepted score=80 value='Prestations de services informatiques pour le développement et la maintenance des outils informatiques'; title: title_tag -> accepted score=70 value='Prestations de services informatiques pour le développement et la maintenance des outils informatiques'; title: meta_description -> accepted score=65 value='Prestations de services informatiques pour le développement et la maintenance des outils informatiques'; buyer: company_link -> accepted score=55 value='GCS UNIHA'; buyer: nom_officiel_pattern -> accepted score=50 value='GCS-UNIHA',-,-,-,MARCHES_ONLINE,marches_ordinaires,Aucun marqueur défense/sécurité détecté,indetermine,Aucun indice typologique clair,ABSENTE,non,,non,,INDETERMINE,INDETERMINE,Aucune preuve,,INDETERMINE
MO-9596601,"Fourniture et intégration de matériels et logiciels informatiques, services d'infogérance et de cybersécurité",-,-,-,SPL SEMEA,,SPL SEMEA,16 - ANGOULEME,,16 - ANGOULEME,16 - ANGOULEME,2026-06-02 00:00:00,,2026-06-02 00:00:00,-,-,-,,-,-,Marchés Online,new,ao-9596601-1.html,,"title: h1_title_avis -> accepted score=80 value=""Fourniture et intégration de matériels et logiciels informatiques, services d'infogérance et de cybersécurité""; title: title_tag -> accepted score=70 value='Fourniture et intégration de matériels et logiciels informatiques'; title: meta_description -> accepted score=65 value=""Fourniture et intégration de matériels et logiciels informatiques, services d'infogérance et de cybersécurité""; buyer: company_link -> accepted score=55 value='SPL SEMEA'; buyer: nom_officiel_pattern -> accepted score=50 value='SPL SEMEA'",-,-,-,MARCHES_ONLINE,marches_ordinaires,Aucun marqueur défense/sécurité détecté,indetermine,Aucun indice typologique clair,ABSENTE,non,,non,,INDETERMINE,INDETERMINE,Aucune preuve,,INDETERMINE
MO-9596814,Prestations logicielles relatives aux automates industriels pour SOLEIL II,-,-,-,Synchrotron Soleil,,Synchrotron Soleil,91 - SYNCHROTRON SOLEIL,,91 - SYNCHROTRON SOLEIL,91 - SYNCHROTRON SOLEIL,2026-06-01 00:00:00,,2026-06-01 00:00:00,-,-,-,,-,-,Marchés Online,new,ao-9596814-1.html,,title: h1_title_avis -> accepted score=80 value='Prestations logicielles relatives aux automates industriels pour SOLEIL II'; title: title_tag -> accepted score=70 value='Prestations logicielles relatives aux automates industriels pour SOLEIL II'; title: meta_description -> accepted score=65 value='Prestations logicielles relatives aux automates industriels pour SOLEIL II'; buyer: company_link -> accepted score=55 value='Synchrotron Soleil'; buyer: nom_officiel_pattern -> accepted score=50 value='SYNCHROTRON SOLEIL',-,-,-,MARCHES_ONLINE,marches_ordinaires,Aucun marqueur défense/sécurité détecté,indetermine,Aucun indice typologique clair,ABSENTE,non,,non,,INDETERMINE,INDETERMINE,Aucune preuve,,INDETERMINE
MO-9596821,Renouvellement et maintenance des serveurs de sauvegarde et prestations associées,-,-,-,SICIO,,SICIO,94 - SICIO,,94 - SICIO,94 - SICIO,2026-06-04 00:00:00,,2026-06-04 00:00:00,-,-,-,,-,-,Marchés Online,new,ao-9596821-1.html,,title: h1_title_avis -> accepted score=80 value='Renouvellement et maintenance des serveurs de sauvegarde et prestations associées'; title: title_tag -> accepted score=70 value='Renouvellement et maintenance des serveurs de sauvegarde et prestations associées'; title: meta_description -> accepted score=65 value='Renouvellement et maintenance des serveurs de sauvegarde et prestations associées'; buyer: company_link -> accepted score=45 value='SICIO'; buyer: nom_officiel_pattern -> accepted score=40 value='SICIO',-,-,-,MARCHES_ONLINE,marches_ordinaires,Aucun marqueur défense/sécurité détecté,indetermine,Aucun indice typologique clair,ABSENTE,non,,non,,INDETERMINE,INDETERMINE,Aucune preuve,,INDETERMINE
MO-9597280,"Fourniture, mise en oeuvre et maintien en condition opérationnelle de l'infrastructure informatique de CMC",-,-,-,Centre Morbihan Communauté,,Centre Morbihan Communauté,56 - CC CENTRE MORBIHAN,,56 - CC CENTRE MORBIHAN,56 - CC CENTRE MORBIHAN,2026-06-02 00:00:00,,2026-06-02 00:00:00,-,-,-,,-,-,Marchés Online,new,ao-9597280-1.html,,"title: h1_title_avis -> accepted score=80 value=""Fourniture, mise en oeuvre et maintien en condition opérationnelle de l'infrastructure informatique de CMC""; title: title_tag -> rejected score=35 value='Fourniture' reason=generic_exact_title; title: meta_description -> accepted score=65 value=""Fourniture, mise en oeuvre et maintien en condition opérationnelle de l'infrastructure informatique de CMC""; buyer: company_link -> accepted score=70 value='Centre Morbihan Communauté'; buyer: nom_officiel_pattern -> accepted score=65 value='CENTRE MORBIHAN COMMUNAUTÉ'",-,-,-,MARCHES_ONLINE,marches_ordinaires,Aucun marqueur défense/sécurité détecté,indetermine,Aucun indice typologique clair,ABSENTE,non,,non,,INDETERMINE,INDETERMINE,Aucune preuve,,INDETERMINE
MO-9597894,"Renouvellement du système d'information, virtualisation de serveurs, plateforme de stockage et système de sauvegarde",-,-,-,Le Muretain Agglo,,Le Muretain Agglo,31 - MURET,,31 - MURET,31 - MURET,2026-06-02 00:00:00,,2026-06-02 00:00:00,-,-,-,,-,-,Marchés Online,new,ao-9597894-1.html,,"title: h1_title_avis -> accepted score=80 value=""Renouvellement du système d'information, virtualisation de serveurs, plateforme de stockage et système de sauvegarde""; title: title_tag -> accepted score=55 value=""Renouvellement du système d'information""; title: meta_description -> accepted score=65 value=""Renouvellement du système d'information, virtualisation de serveurs, plateforme de stockage et système de sauvegarde""; buyer: company_link -> accepted score=55 value='Le Muretain Agglo'; buyer: nom_officiel_pattern -> accepted score=50 value='LE MURETAIN AGGLO'",-,-,-,MARCHES_ONLINE,marches_ordinaires,Aucun marqueur défense/sécurité détecté,indetermine,Aucun indice typologique clair,ABSENTE,non,,non,,INDETERMINE,INDETERMINE,Aucune preuve,,INDETERMINE
MO-9598475,Accord-cadre Infrastructure hyperconvergée et VDI (Virtual Desktop Infrastructure),-,-,-,Compagnie Nationale du Rhône,,Compagnie Nationale du Rhône,69 - LYON,,69 - LYON,69 - LYON,2026-06-10 00:00:00,,2026-06-10 00:00:00,-,-,-,,-,-,Marchés Online,new,ao-9598475-1.html,,title: h1_title_avis -> accepted score=80 value='Accord-cadre Infrastructure hyperconvergée et VDI (Virtual Desktop Infrastructure)'; title: title_tag -> rejected score=35 value='Accord' reason=generic_exact_title; title: meta_description -> accepted score=65 value='Accord-cadre Infrastructure hyperconvergée et VDI (Virtual Desktop Infrastructure)'; buyer: company_link -> accepted score=60 value='Compagnie Nationale du Rhône'; buyer: nom_officiel_pattern -> accepted score=55 value='Compagnie Nationale du Rhône',-,-,-,MARCHES_ONLINE,marches_ordinaires,Aucun marqueur défense/sécurité détecté,indetermine,Aucun indice typologique clair,ABSENTE,non,,non,,INDETERMINE,INDETERMINE,Aucune preuve,,INDETERMINE
MO-9599071,"Prestations de support, infogérance et supervision pour les Services Numériques Éducatifs, et pour les environnements de travail, Data Centers, Infrastructures, Réseaux, Pare-Feux et Téléphonie de la Région Grand-Est, ainsi que de stockage",-,-,-,Région Grand Est,,Région Grand Est,67 - REGION GRAND EST,,67 - REGION GRAND EST,67 - REGION GRAND EST,2026-06-18 00:00:00,,2026-06-18 00:00:00,-,-,-,,-,-,Marchés Online,new,ao-9599071-1.html,,"title: h1_title_avis -> accepted score=80 value='Prestations de support, infogérance et supervision pour les Services Numériques Éducatifs, et pour les environnements de travail, Data Centers, Infrastructures, Réseaux, Pare-Feux et Téléphonie de la Région Grand-Est, ainsi que de stockage'; title: title_tag -> rejected score=55 value='Prestations de support' reason=generic_exact_title; title: meta_description -> accepted score=65 value='Prestations de support, infogérance et supervision pour les Services Numériques Éducatifs, et pour les environnements de travail, Data Centers, Infrastructures, Réseaux'; buyer: company_link -> accepted score=65 value='Région Grand Est'; buyer: nom_officiel_pattern -> accepted score=60 value='Région Grand Est'",-,-,-,MARCHES_ONLINE,marches_ordinaires,Aucun marqueur défense/sécurité détecté,indetermine,Aucun indice typologique clair,ABSENTE,non,,non,,INDETERMINE,INDETERMINE,Aucune preuve,,INDETERMINE
MO-9599869,"Maintien en Condition Opérationnelle de l'Infrastructure Système, Stockage, Serveurs et Sauvegarde / Renouvellement, installation et maintenance de composants essentiels - GHT de la Nièvre",-,-,-,GHT de la Nièvre - Centre hospitalier Pierre Beregovoy,,GHT de la Nièvre - Centre hospitalier Pierre Beregovoy,58 - NEVERS,,58 - NEVERS,58 - NEVERS,2026-06-05 00:00:00,,2026-06-05 00:00:00,-,-,-,,-,-,Marchés Online,new,ao-9599869-1.html,,"title: h1_title_avis -> accepted score=80 value=""Maintien en Condition Opérationnelle de l'Infrastructure Système, Stockage, Serveurs et Sauvegarde / Renouvellement, installation et maintenance de composants essentiels - GHT de la Nièvre""; title: title_tag -> accepted score=70 value=""Maintien en Condition Opérationnelle de l'Infrastructure Système""; title: meta_description -> accepted score=65 value=""Maintien en Condition Opérationnelle de l'Infrastructure Système, Stockage, Serveurs et Sauvegarde / Renouvellement, installation et maintenance de composants essentiels""; buyer: company_link -> accepted score=70 value='GHT de la Nièvre - Centre hospitalier Pierre Beregovoy'; buyer: nom_officiel_pattern -> accepted score=65 value=""Centre Hospitalier de l'Agglomération de Nevers""",-,-,-,MARCHES_ONLINE,marches_ordinaires,Aucun marqueur défense/sécurité détecté,indetermine,Aucun indice typologique clair,ABSENTE,non,,non,,INDETERMINE,INDETERMINE,Aucune preuve,,INDETERMINE
