reference,titre,acheteur,type_acheteur,fonction_publique,sous_type_fonction_publique,procedure_label,procedure_type,type_marche,ccag_type,cpv_principal,cpv_secondaires,localisation,date_limite_remise_offres,duree,renouvellements,montant_estime,url_marche,url_provenance,fichier_source_html,plateforme_source,verification_requise,raisons_verification,notes_verification
13/joue/002671162026,Mise à disposition et gestion du workplace IT,RESA Innovation et Technologie SA en son nom et pour compte de RESA SA Intercommunale,inconnu,inconnue,,,formalisee,services,tic,19417458,19417458|72500000|42201315|42201390|22349470,,,,,,https://www.francemarches.com/appel-offre/13joue002671162026-2026-mise-disposition-gestion,canonical,13joue002671162026-2026-mise-disposition-gestion.html,FRANCE_MARCHES,false,,
13/joue/002708922026,"Fourniture d'une prestation de service relative à la gestion des activités de data management et la gestion des activités de biostatistiques à visée d'enregistrements auprès des autorités réglementaires au format ADAM des études cliniques pour UNICANCER RetD, les CLCC et les Etablissement affiliés.",UNICANCER ACHATS,inconnu,inconnue,,,formalisee,,prestations_intellectuelles,72200000,72200000|72316000|72212463|72310000|72322000,,,,,,https://www.francemarches.com/appel-offre/13joue002708922026-2026-fourniture-prestation-service,canonical,13joue002708922026-2026-fourniture-prestation-service.html,FRANCE_MARCHES,false,,
13/joue/002845752026,"MARCHE DE PRESTATIONS DE MAINTENANCE D'ASSISTANCE ET D'INFOGERANCE DU PARC INFORMATIQUE, RESEAU ET TELECOM DE L'EPPGHV.",EPPGHV,etat,etat,,,formalisee,services,tic,72500000,72500000|72610000|72611000|72600000,,,,,,https://www.francemarches.com/appel-offre/13joue002845752026-2026-marche-prestations-maintenance,canonical,13joue002845752026-2026-marche-prestations-maintenance.html,FRANCE_MARCHES,false,,
13/joue/002850982026,Accord-cadre à bons de commande pour le maintien en condition opérationnelle et l'accompagnement à l'évolution des infrastructures et services numériques de la Ville de Paris et du CASVP,VILLE de PARIS - DFA - SDA,collectivite_territoriale,territoriale,,,formalisee,,,72250000,72250000|79999100|72311100|79995200|60181000|45510000|79952000|22112000|30237380|22111000,,,,,,https://www.francemarches.com/appel-offre/13joue002850982026-2026-accord-cadre-bons,canonical,13joue002850982026-2026-accord-cadre-bons.html,FRANCE_MARCHES,false,,
13/joue/002925532026,"Marché public relatif à la mise à disposition d'un système ERP intégré portant sur la gestion financière, les ressources humaines et les composants annexes",Parlement Wallon,inconnu,inconnue,,,formalisee,,,72000000,72000000|81251380,,,,,,https://www.francemarches.com/appel-offre/13joue002925532026-2026-marche-public-relatif,canonical,13joue002925532026-2026-marche-public-relatif.html,FRANCE_MARCHES,false,,
13/joue/002929142026,Accompagnement à la convergence des systèmes d'information de scolarité du Conservatoire national des arts et métiers – Cnam - Paris,Conservatoire national des arts et métiers -Cnam,inconnu,inconnue,,,formalisee,services,,72224000,72224000|72000000|72224100,,,,,,https://www.francemarches.com/appel-offre/13joue002929142026-2026-accompagnement-convergence-systemes,canonical,13joue002929142026-2026-accompagnement-convergence-systemes.html,FRANCE_MARCHES,false,,
13/joue/002939872026,"Marché pour la maintenance applicative, corrective et évolutive du site internet Culturethèque (et toutes ses fonctionnalités) et pour l'hébergement",Institut Français,inconnu,inconnue,,,formalisee,services,tic,72000000,72000000,,,,,,https://www.francemarches.com/appel-offre/13joue002939872026-2026-marche-pour-maintenance,canonical,13joue002939872026-2026-marche-pour-maintenance.html,FRANCE_MARCHES,false,,
13/joue/002946202026,"La continuité, l'exploitation, l'hébergement, la maintenance et le développement de la plateforme de notification eTOD",Institut géographique national,inconnu,inconnue,,,formalisee,services,tic,72000000,72000000|26298223|26298212,,,,,,https://www.francemarches.com/appel-offre/13joue002946202026-2026-continuite-exploitation-hebergement,canonical,13joue002946202026-2026-continuite-exploitation-hebergement?q=h%C3%A9bergement web.html,FRANCE_MARCHES,false,,
13/joue/002946822026,Renouvellement et maintenance des serveurs de sauvegarde et prestations associées,SICIO,inconnu,inconnue,,,formalisee,fournitures,,72250000,72250000,,,,,,https://www.francemarches.com/appel-offre/13joue002946822026-2026-renouvellement-maintenance-serveurs,canonical,13joue002946822026-2026-renouvellement-maintenance-serveurs.html,FRANCE_MARCHES,false,,
13/joue/003036002026,Accord-cadre Infrastructure hyperconvergée et VDI (Virtual Desktop Infrastructure),Compagnie Nationale du Rhône,inconnu,inconnue,,,formalisee,,,72600000,72600000|72263000|48820000,,,,,,https://www.francemarches.com/appel-offre/13joue003036002026-2026-accord-cadre-infrastructure,canonical,13joue003036002026-2026-accord-cadre-infrastructure.html,FRANCE_MARCHES,false,,
13/joue/003085442026,"Fourniture de solutions d'infrastructure informatique (matériels, logiciels et prestations associées)",Union des Groupements d'Achats Publics,inconnu,inconnue,,,formalisee,fournitures,fournitures_courantes_services,98541460,98541460|48822000,,,,,,https://www.francemarches.com/appel-offre/13joue003085442026-2026-fourniture-solutions-infrastructure,canonical,13joue003085442026-2026-fourniture-solutions-infrastructure.html,FRANCE_MARCHES,false,,
13/joue/003107212026,"Maintien en Condition Opérationnelle de l'Infrastructure Système, Stockage, Serveurs et Sauvegarde \\\/ Renouvellement, installation et maintenance de composants essentiels - GHT de la Nièvre",Centre Hospitalier de l'Agglomération de Nevers,collectivite_territoriale,territoriale,,,MAPA,fournitures,fournitures_courantes_services,72500000,72500000,,,,,,https://www.francemarches.com/appel-offre/13joue003107212026-2026-maintien-condition-operationnelle,canonical,13joue003107212026-2026-maintien-condition-operationnelle.html,FRANCE_MARCHES,false,,
DGFIP-DRS-2500077,Assistance externe pour la conduite de consultations organisées dans le cadre des dispositions du code de la commande publique pour les marchés de techniques de l’information et de la communication.,Direction Générale des Finances Publiques,etat,etat,,,formalisee,services,,72220000,72220000,Montreuil (93186),2026-06-04 00:00:00,,,,,missing,26-41049.html,BOAMP_XML,false,,
Shom_26AC07,Maintien en conditions opérationnelles et de sécurité du Digital Workplace Odyssée du Shom,MINARM / ESTM / EPA / SHOM - Service hydrographique et océanographique de la Marine,etablissement_public,etat,,,inconnu,services,tic,72267000,72267000|72200000|98548097,(29) Finistère,,,,,https://www.marches-publics.gouv.fr/app.php/entreprise/consultation/2956468?orgAcronyme=g7h,fallback_place,2956468?orgAcronyme=g7h.html,PLACE_NUMERIC,false,,
A2026-018,Fourniture d'une solution de gestion pédagogique des doctorants,EOESRI / COMUE - UdL - COMUE &quot;Université de Lyon&quot;,etablissement_public,etat,,,inconnu,,,72260000,72260000|23405819,(69) Rhône,,,,,https://www.marches-publics.gouv.fr/app.php/entreprise/consultation/2986378?orgAcronyme=f2h,fallback_place,2986378?orgAcronyme=f2h.html,PLACE_NUMERIC,false,,
2026-005,Réalisation d’opérations comptables et assistance fonctionnelle sur le système d’information financier et comptable SIFAC/SIFAC+ (S4/HANA SAP) de CentraleSupelec,EOESRI / SUPELEC - Centrale SUPELEC,etat,etat,,,inconnu,services,,72212440,72212440|79211100|95184411,(91) Essonne,,,,,https://www.marches-publics.gouv.fr/app.php/entreprise/consultation/2987833?orgAcronyme=f2h,fallback_place,2987833?orgAcronyme=f2h.html,PLACE_NUMERIC,false,,
26_AMOE_AST,Accord-cadre d’assistance à maîtrise d’œuvre des applications du socle transverse,MJL / SG / DNUM - Direction du numérique,etat,etat,,,formalisee,services,prestations_intellectuelles,72267100,72267100|72227000|09267845,Ministère de la Justice,,,,,https://www.marches-publics.gouv.fr/app.php/entreprise/consultation/2990888?orgAcronyme=d3f,fallback_place,2990888?orgAcronyme=d3f.html,PLACE_NUMERIC,false,,
AOO_2026-02,Assistance à maîtrise d’ouvrage pour la conception et la passation de marchés publics de développement d’outils de gestion et de visualisation de données sur l’eau sur le bassin versant Marais poitevin,"Ministère de la Transition Écologique, Ministère de la Cohésion des Territoires, Ministère de la Mer",etat,etat,,,inconnu,services,prestations_intellectuelles,71241000,71241000|48810000|72222000|62611154,"(85) Vendée, (17) Charente-Maritime, (79) Deux-Sèvres",,,,,https://www.marches-publics.gouv.fr/app.php/entreprise/consultation/2992873?orgAcronyme=d4t,fallback_place,2992873?orgAcronyme=d4t.html,PLACE_NUMERIC,false,,
B26-01107-LS,Prestations de tierce maintenance applicative (TMA) des Logiciels Systèmes Energétiques du CEA Liten,AO / CEA / CEA / GRENOBLE - CENTRE DE GRENOBLE,etablissement_public,etat,,,inconnu,services,tic,72250000,72250000|47187902,(38) Isère,,,,,https://www.marches-publics.gouv.fr/app.php/entreprise/consultation/2997383?orgAcronyme=s2d,fallback_place,2997383?orgAcronyme=s2d.html,PLACE_NUMERIC,false,,
RFI_CRM_2026-02,"RFI ""Outil de connaissance et de gestion des relations extérieures du CNRS""",EOESRI / CNRS / CNRS - DR14 - CNRS Délégation Occitanie Ouest,etat,etat,,,inconnu,,,72212445,72212445|47841249,"(75) Paris, (92) Hauts-de-Seine, (31) Haute-Garonne",,,,,https://www.marches-publics.gouv.fr/app.php/entreprise/consultation/2998043?orgAcronyme=f2h,fallback_place,2998043?orgAcronyme=f2h.html,PLACE_NUMERIC,false,,
1157695,Infogérance du système d'information de la ville de Croissy-sur-Seine,Ville de Croissy-sur-Seine,collectivite_territoriale,territoriale,,,MAPA,services,tic,72600000,72600000,,,,,,https://www.francemarches.com/appel-offre/36parisien1157695-2026-infogerance-systeme-information,canonical,36parisien1157695-2026-infogerance-systeme-information.html,FRANCE_MARCHES,false,,
37AO26154015290520267275,"Cadrage, la conception, le développement, le maintien en conditions opérationnelles et de sécurité et l'assistance pour les applications composant le système d'information du Casier Judiciaire",Ministère de la Justice,etat,etat,,,MAPA,services,,29052026,29052026|72267100|72267000,,,,,,https://www.francemarches.com/appel-offre/37ao26154015290520267275-2026-cadrage-conception-developpement,canonical,37ao26154015290520267275-2026-cadrage-conception-developpement.html,FRANCE_MARCHES,false,,
37AO26181552260520267275,"Prestations d'assistance technique, d'expertise et de conseil concernant les infrastructures, les services applicatifs et l'urbanisation du système d'information (' SI ') de la CNAF",CNAF Établissement public,etat,etat,,,MAPA,services,tic,26052026,26052026|72600000|72220000,,,,,,https://www.francemarches.com/appel-offre/37ao26181552260520267275-2026-prestations-assistance-technique,canonical,37ao26181552260520267275-2026-prestations-assistance-technique.html,FRANCE_MARCHES,false,,
DAF_2025_001001,Prestations d’assistance et d’expertise pour migration et déploiement des SI vers le cloud au profit du Centre Spécialisé Cloud du MINARM (référence interne DAF).,"Ministère des Armées – DNUM / Centre Spécialisé Cloud du MINARM, France entière.",etat,Etat,,,MAPA,services,tic,26052026,26052026|72220000,Val-de-Marne,26/05/2026,,,18.02 M€ HT,https://www.francemarches.com/appel-offre/37ao26181581260520263294-2026-prestations-assistance-expertise,source_url,37ao26181581260520263294-2026-prestations-assistance-expertise.html,-,false,,
3/boamp/2640079,"Mise à disposition, adaptation et maintenance du système d'information financière destiné à la gestion budgétaire et comptable de la HAS, organisme en comptabilité budgétaire publique.",Haute Autorité de Santé,inconnu,inconnue,,,formalisee,services,,72000000,72000000|48442000,,,,,,https://www.francemarches.com/appel-offre/3boamp2640079-2026-mise-disposition-adaptation,canonical,3boamp2640079-2026-mise-disposition-adaptation.html,FRANCE_MARCHES,false,,
3/boamp/2641049,Assistance externe pour la conduite de consultations organisées dans le cadre des dispositions du code de la commande publique pour les marchés de techniques de l'information et de la communication,Direction Générale des Finances Publiques,etat,etat,,,formalisee,services,prestations_intellectuelles,72220000,72220000,,,,,,https://www.francemarches.com/appel-offre/3boamp2641049-2026-assistance-externe-pour,canonical,3boamp2641049-2026-assistance-externe-pour.html,FRANCE_MARCHES,false,,
3/boamp/2641974,Maintien en condition opérationnelle et l'accompagnement à l'évolution des infrastructures et services numériques de la Ville de Paris et du CASVP,VILLE de PARIS - DFA - SDA,collectivite_territoriale,territoriale,,,formalisee,,,72250000,72250000|79999100|72311100|79995200|60181000|45510000|79952000|22112000|30237380|22111000,,,,,,https://www.francemarches.com/appel-offre/3boamp2641974-2026-maintien-condition-operationnelle,canonical,3boamp2641974-2026-maintien-condition-operationnelle.html,FRANCE_MARCHES,false,,
3/boamp/2642071,ASSISTANCE EN INGENIERIE DE COORDINATION DE PROJETS DATA \\\/ INGENIERIE D'EXPERTISE DATA AU SEIN DE LA DIRECTION DU SYSTEME D'INFORMATION DE LA REGION NOUVELLE-AQUITAINE,Région Nouvelle-Aquitaine,etat,etat,,,formalisee,services,travaux,72220000,72220000|45421000,,,,,,https://www.francemarches.com/appel-offre/3boamp2642071-2026-assistance-ingenierie-coordination,canonical,3boamp2642071-2026-assistance-ingenierie-coordination.html,FRANCE_MARCHES,false,,
3/boamp/2642106,Acquisition et mise en œuvre d'une solution ERP en mode SaaS avec site web marchand et application mobile,Association ASF Vacances,inconnu,inconnue,,,formalisee,,,72000000,72000000,,,,,,https://www.francemarches.com/appel-offre/3boamp2642106-2026-acquisition-mise-oeuvre,canonical,3boamp2642106-2026-acquisition-mise-oeuvre.html,FRANCE_MARCHES,false,,
3/boamp/2642682,Renouvellement et maintenance des serveurs de sauvegarde et prestations associées,SICIO,inconnu,inconnue,,,formalisee,fournitures,,72250000,72250000,,,,,,https://www.francemarches.com/appel-offre/3boamp2642682-2026-renouvellement-maintenance-serveurs,canonical,3boamp2642682-2026-renouvellement-maintenance-serveurs.html,FRANCE_MARCHES,false,,
3/boamp/2643374,REFONTE DU SITE INTERNET DE L'ACADEMIE FRANCAISE - HEBERGEMENT - MAINTENANCE,ACADEMIE FRANCAISE,inconnu,inconnue,,,MAPA,services,tic,72000000,72000000,,,,,,https://www.francemarches.com/appel-offre/3boamp2643374-2026-refonte-site-internet,canonical,3boamp2643374-2026-refonte-site-internet.html,FRANCE_MARCHES,false,,
3/boamp/2643609,Prestations de services informatiques pour le développement et la maintenance des outils informatiques du GCS UniHA,GCS-UNIHA,inconnu,inconnue,,,formalisee,,,72200000,72200000|72261000|72262000,,,,,,https://www.francemarches.com/appel-offre/3boamp2643609-2026-prestations-services-informatiques,canonical,3boamp2643609-2026-prestations-services-informatiques.html,FRANCE_MARCHES,false,,
3/boamp/2644098,"Prestations de conseil, de collecte, de développement, d'exploitation de données pour le Data Office",Organisation qui passe un marché subventionné par un pouvoir adjudicateur,inconnu,inconnue,,,formalisee,services,prestations_intellectuelles,72600000,72600000,,,,,,https://www.francemarches.com/appel-offre/3boamp2644098-2026-prestations-conseil-collecte,canonical,3boamp2644098-2026-prestations-conseil-collecte.html,FRANCE_MARCHES,false,,
3/boamp/2644226,"Assistance à maîtrise d'oeuvre : prestations d'expertise, de développements informatiques et d'assistance technique",INSTITUT FRANCAIS DUCHEVAL ET DE L'EQUITATION,etat,etat,,,formalisee,services,prestations_intellectuelles,72500000,72500000,,,,,,https://www.francemarches.com/appel-offre/3boamp2644226-2026-assistance-maitrise-oeuvre,canonical,3boamp2644226-2026-assistance-maitrise-oeuvre.html,FRANCE_MARCHES,false,,
3/boamp/2644837,TMA - TME DU SYSTEME D'INFORMATION DU DPSM,Bureau de Recherche en Géologie Minière (BRGM),inconnu,inconnue,,,formalisee,services,,72610000,72610000,,,,,,https://www.francemarches.com/appel-offre/3boamp2644837-2026-systeme-information-dpsm,canonical,3boamp2644837-2026-systeme-information-dpsm.html,FRANCE_MARCHES,false,,
MO-9589316,Infogérance du système d'information de l'INSEAMM.,ESADMM,inconnu,inconnue,,,MAPA,services,tic,72500000,72500000|15323409|00590169|00650699,13 - MARSEILLE,2026-05-29 00:00:00,,,,,missing,ao-9589316-1.html,MARCHES_ONLINE,false,,
MO-9591946,Prestations d'assistance et d'expertise pour la migration et le déploiement des systèmes d'information vers le cloud au profit du Centre Spécialisé Cloud du MINARM,MINDEF/DIRISI/Bureau Marchés.,etat,etat,,,MAPA,services,tic,72220000,72220000|15326176|00590169|00650699,94 - MINISTERE DES ARMEES,2026-05-26 00:00:00,,,,,missing,ao-9591946-1.html,MARCHES_ONLINE,false,,
MO-9592936,"Fourniture, mise en oeuvre d'un Security Operation Center (SOC) managé et Protection des identités.",Gaz Electricité de Grenoble,inconnu,inconnue,,,MAPA,services,,72222300,72222300|72500000|15326779|00590169|00650699,38 - GRENOBLE,2026-05-26 00:00:00,,,,,missing,ao-9592936-1.html,MARCHES_ONLINE,false,,
MO-9594452,"Marché de prestations de maintenance d'assistance et d'infogérance du parc informatique, réseau et télécom de l'EPPGHV..",Etablissement Public du Parc et de la Grande Halle de la Villette (EPPGHV),etat,etat,,,MAPA,services,tic,72500000,72500000|72610000|72611000|72600000|15328955|00590169|00650699,75 - EPPGHV,2026-06-01 00:00:00,,,,,missing,ao-9594452-1.html,MARCHES_ONLINE,false,,
MO-9595379,Maintien en condition opérationnelle et l'accompagnement à l'évolution des infrastructures et services numériques de la Ville de Paris et du CASVP,Ville de Paris,collectivite_territoriale,territoriale,,,MAPA,,,72250000,72250000|15329441|00590169|00650699,75 - VILLE DE PARIS,2026-06-09 00:00:00,,,,,missing,ao-9595379-1.html,MARCHES_ONLINE,false,,
MO-9595420,Tierce maintenance d'exploitation et de services des agences de l'eau.,Agence de l'Eau Seine Normandie,etablissement_public,etat,,,MAPA,,,72250000,72250000|72514000|15329482|00590169|00650699,92 - AGENCE DE L'EAU SEINE NORMANDIE,2026-05-26 00:00:00,,,,,missing,ao-9595420-1.html,MARCHES_ONLINE,false,,
MO-9596025,Prestations de services informatiques pour le développement et la maintenance des outils informatiques.,GCS UNIHA,inconnu,inconnue,,,MAPA,services,prestations_intellectuelles,72200000,72200000|72261000|72262000|15331741|00590169|00650699,69 - LYON,2026-06-02 00:00:00,,,,,missing,ao-9596025-2.html,MARCHES_ONLINE,false,,
MO-9596601,"Fourniture et intégration de matériels et logiciels informatiques, services d'infogérance et de cybersécurité.",SPL SEMEA,inconnu,inconnue,,,MAPA,services,tic,72500000,72500000|72315200|72700000|15330787|00590169|00650699,16 - ANGOULEME,2026-06-02 00:00:00,,,,,missing,ao-9596601-1.html,MARCHES_ONLINE,false,,
MO-9596814,Prestations logicielles relatives aux automates industriels pour SOLEIL II.,Synchrotron Soleil,inconnu,inconnue,,,MAPA,services,prestations_intellectuelles,72600000,72600000|48100000|15330912|00590169|00650699,91 - SYNCHROTRON SOLEIL,2026-06-01 00:00:00,,,,,missing,ao-9596814-1.html,MARCHES_ONLINE,false,,
MO-9596821,Renouvellement et maintenance des serveurs de sauvegarde et prestations associées.,SICIO,inconnu,inconnue,,,MAPA,fournitures,,72250000,72250000|15330919|00590169|00650699,94 - SICIO,2026-06-04 00:00:00,,,,,missing,ao-9596821-1.html,MARCHES_ONLINE,false,,
MO-9597280,"Fourniture, mise en oeuvre et maintien en condition opérationnelle de l'infrastructure informatique de CMC.",Centre Morbihan Communauté,inconnu,inconnue,,,MAPA,services,,72222300,72222300|48000000|72250000|15331955|00590169|00650699,56 - CC CENTRE MORBIHAN,2026-06-02 00:00:00,,,,,missing,ao-9597280-1.html,MARCHES_ONLINE,false,,
MO-9597894,"Renouvellement du système d'information, virtualisation de serveurs, plateforme de stockage et système de sauvegarde",Le Muretain Agglo,inconnu,inconnue,,,MAPA,services,fournitures_courantes_services,48800000,48800000|48822000|51611100|58005186|15332032|00590169|00650699,31 - MURET,2026-06-02 00:00:00,,,,,missing,ao-9597894-1.html,MARCHES_ONLINE,false,,
MO-9598475,Accord-cadre Infrastructure hyperconvergée et VDI (Virtual Desktop Infrastructure),Compagnie Nationale du Rhône,inconnu,inconnue,,,MAPA,services,prestations_intellectuelles,72600000,72600000|72263000|48820000|15332602|00590169|00650699,69 - LYON,2026-06-10 00:00:00,,,,,missing,ao-9598475-1.html,MARCHES_ONLINE,false,,
MO-9599071,"Prestations de support, infogérance et supervision pour les Services Numériques Éducatifs, et pour les environnements de travail, Data Centers, Infrastructures, Réseaux, Pare-Feux et Téléphonie de la Région Grand-Est, ainsi que de stockage ...",Région Grand Est,etat,etat,,,MAPA,services,tic,72253000,72253000|63120000|72250000|72600000|15333089|00590169|00650699,67 - REGION GRAND EST,2026-06-18 00:00:00,,,,,missing,ao-9599071-1.html,MARCHES_ONLINE,false,,
MO-9599869,"Maintien en Condition Opérationnelle de l'Infrastructure Système, Stockage, Serveurs et Sauvegarde / Renouvellement, installation et maintenance de composants essentiels - GHT de la Nièvre.",GHT de la Nièvre - Centre hospitalier Pierre Beregovoy,hopital,hospitaliere,,,MAPA,fournitures,fournitures_courantes_services,72500000,72500000|15333941|00590169|00650699,58 - NEVERS,2026-06-05 00:00:00,,,,,missing,ao-9599869-1.html,MARCHES_ONLINE,false,,
